id,concepts
2,Concept DUST
3,Concept BRAVE
4,Concept COURTYARD
5,Concept GAZELLE
6,Concept EARTHQUAKE
7,Concept GATHER
8,Concept CURSE
9,Concept ANNOUNCE
10,Concept FIREWOOD
11,Concept DARKNESS
12,Concept MIDDAY
13,Concept DECEIT
14,Concept YOKE
15,Concept OTTER
16,Concept SLED
17,Concept EYELID
18,Concept EARLOBE
19,Concept FISHING LINE
20,Concept SCYTHE
21,Concept TASTE (SOMETHING)
22,Concept INTEND
23,Concept RYE
24,Concept PRAY
25,Concept DIRT
27,Concept AIR
28,Concept MOISTEN
29,Concept GELD
30,Concept DISPEL
31,Concept PAN
32,Concept EARWAX
33,Concept NETTLE
34,Concept STAIRS
35,Concept TAMARIND
36,Concept PUBIC HAIR
37,Concept LIBERATE
38,Concept SPREAD OUT
40,Concept ENVY
42,Concept STINKING
43,Concept LEAD (GUIDE)
44,Concept INJURE
45,Concept EVIL
46,Concept HOLLOW OUT
47,Concept EXCRETA
48,Concept BE SILENT
49,Concept REFUSE
51,Concept SORE
52,Concept SHIVER
53,Concept SPIRIT
55,Concept WHISPER
56,Concept BAD LUCK
57,Concept ATOP
59,Concept ELECTRICITY
60,Concept OAT
64,Concept PIN
65,Concept AMBUSH
66,Concept KNEEL
67,Concept EMBERS
68,Concept TATTOO
70,Concept BRACKISH
72,Concept CLAW
73,Concept BEAK
76,Concept YOUNG MAN
77,Concept YOUNG WOMAN
78,Concept THAT
79,Concept WASTE
80,Concept DOORPOST
81,Concept FATHOM
82,Concept ANGER
83,Concept FORBID
84,Concept JUST
85,Concept GIVE BACK
86,Concept SIEVE
88,Concept BEEHIVE
89,Concept NATIVE COUNTRY
90,Concept INNOCENT
92,Concept SPOIL (SOMEBODY OR SOMETHING)
93,Concept DRAW MILK
95,Concept SANDFLY
96,Concept CRAWL
97,Concept THROUGH
98,Concept ALL
100,Concept FAITHFUL
101,Concept BOAST
102,Concept COMMON COLD (DISEASE)
105,Concept MATTRESS
106,Concept SATIATED
107,Concept OMEN
108,Concept RUDDER
109,Concept FOREIGN
110,Concept MOTOR
111,Concept DRUMMING
112,Concept TURTLE
113,Concept SHORE
114,Concept PORPOISE
116,Concept LARCH
117,Concept IMITATE
118,Concept BEWITCH
119,Concept DIVE
121,Concept SPIN
122,Concept CART
123,Concept FOREHEAD
124,Concept THORN
125,Concept SWEAT (SUBSTANCE)
126,Concept SWEAT (PERSPIRE)
127,Concept EXTINGUISH
128,Concept MUMBLE
129,Concept CHOKE
131,Concept FESTIVAL
132,Concept SAUCE
133,Concept WEAVE
134,Concept FAULT
135,Concept BOOMERANG
136,Concept HERE
137,Concept COCA
138,Concept BATHE
139,Concept GUMS
140,Concept PADDY FIELD
141,Concept BURN (SOMETHING)
142,Concept RETURN HOME
144,Concept MACHINE
146,Concept SUGAR CANE
147,Concept COCONUT TREE
148,Concept ITCH
149,Concept ITCHY
151,Concept RAZOR
152,Concept HOOF
153,Concept GREY
154,Concept UDDER
155,Concept CHOP
156,Concept RED
157,Concept DYE
158,Concept PUT ON
159,Concept SWEET POTATO
160,Concept SET (HEAVENLY BODIES)
161,Concept MISS (A TARGET)
162,Concept HICCOUGH
163,Concept BLACK
164,Concept KANGAROO
165,Concept WALLABY
166,Concept MAINLAND
167,Concept MAIL
168,Concept REST
169,Concept IT
170,Concept FATHER'S SISTER
171,Concept MOTHER'S SISTER
172,Concept SHOULDERBLADE
173,Concept SIBLING'S CHILD
174,Concept PROUD
175,Concept BLOW (OF WIND)
176,Concept BLOW (WITH MOUTH)
177,Concept BETEL PEPPER VINE
178,Concept RIPE
179,Concept RIPEN
180,Concept CALL BY NAME
181,Concept ANTEATER
183,Concept BAKE
184,Concept MAST
185,Concept FIREPLACE
186,Concept SHIN
189,Concept HAIR (BODY)
190,Concept MOW
191,Concept NUT
192,Concept CORNER
193,Concept SHALLOW
194,Concept FAMILY
195,Concept MAT
196,Concept DONATE
197,Concept OTHER
199,Concept FAMINE
200,Concept SAME
201,Concept FARM
202,Concept STRENGTH
203,Concept MARRY
204,Concept AGAIN
205,Concept TROUGH
206,Concept FIREFLY
208,Concept NASAL MUCUS (SNOT)
209,Concept RARE
210,Concept LIFE
211,Concept CAST
212,Concept FIELD
213,Concept FIN
214,Concept STRETCH
215,Concept LIE DOWN
216,Concept MOVIE
217,Concept BETELNUT
218,Concept FINE (PENALTY)
219,Concept TOILET
221,Concept FIRE
223,Concept THRESHING-FLOOR
224,Concept MORTAR CRUSHER
225,Concept PESTLE
227,Concept FISH
228,Concept CARVE
229,Concept MOVE AWAY
230,Concept SWEEP
231,Concept SHAVE
232,Concept FLEA
233,Concept SNOWSHOE
234,Concept PADDLE
235,Concept FLYING FOX
236,Concept STEPMOTHER
237,Concept STEPFATHER
238,Concept PRAWNS
239,Concept FLOWER
240,Concept ELECTION
241,Concept TREE STUMP
242,Concept COST
243,Concept FRESH
244,Concept LEFT
245,Concept BROOM
247,Concept TAN
248,Concept HAPPEN
249,Concept FOG
250,Concept LIGHT (COLOR)
251,Concept SHARPEN (SOMETHING)
253,Concept CARE FOR
254,Concept STICKING
255,Concept SERVANT
256,Concept FOOD
257,Concept WORSHIP
258,Concept CALM
259,Concept ROUGH (OF SEA)
260,Concept SAVANNA
261,Concept ARCTIC LIGHTS
262,Concept HE OR SHE OR IT
263,Concept HERDSMAN
264,Concept HE-GOAT
265,Concept FOWL
266,Concept SCALE
267,Concept NIT
268,Concept DRIBBLE
269,Concept COOKED
270,Concept JUG
271,Concept SAUCER
272,Concept TONGS
273,Concept DOUGH
274,Concept KNEAD
275,Concept PEEL
276,Concept BANISTERIUM
277,Concept SPINDLE
278,Concept AWL
279,Concept THATCH
280,Concept RIDGEPOLE
281,Concept POST
284,Concept HOE
285,Concept THRESH
286,Concept NEEDLE TREE
287,Concept CONE
288,Concept FORGE
289,Concept MOLD
290,Concept ADZE
291,Concept PULL OFF (SKIN)
292,Concept RUG
293,Concept NETBAG
294,Concept TUMPLINE
295,Concept WHETSTONE
296,Concept CROUCH
297,Concept CROOKED
298,Concept SHRIEK
299,Concept SCOLD
300,Concept RATTLE
301,Concept CHIEFTAIN
302,Concept CLAN
303,Concept ABSTAIN FROM FOOD
304,Concept PREACH
305,Concept GRANDPARENTS
306,Concept PARENTS-IN-LAW
307,Concept HAWK
308,Concept TOUCAN
309,Concept OPOSSUM
310,Concept HEAD LOUSE
311,Concept BODY LOUSE
312,Concept TAPIR
313,Concept AGOUTI
314,Concept CAPYBARA
315,Concept CURASSOW
316,Concept PACA
317,Concept PIRANHA
318,Concept FOOTPRINT
319,Concept LICK
320,Concept LAME
321,Concept CHEW
322,Concept FIG
323,Concept FAT (ORGANIC SUBSTANCE)
324,Concept MANIOC FLOUR
325,Concept FELT
326,Concept CLOAK
327,Concept PONCHO
328,Concept GRASS-SKIRT
329,Concept STOCKING
330,Concept HEADBAND
331,Concept HEADDRESS
332,Concept RAG
333,Concept PLAIT
334,Concept COOKHOUSE
335,Concept MEETING HOUSE
336,Concept PADLOCK
337,Concept PITCHFORK
338,Concept RAKE
339,Concept DIGGING STICK
340,Concept LASSO
341,Concept SICKLE
342,Concept HAY
343,Concept VINE
344,Concept TREE TRUNK
345,Concept SAP
346,Concept BANYAN
347,Concept SORGHUM
348,Concept FISH POISON
349,Concept ACHIOTE
351,Concept TARO
352,Concept UNTIE
353,Concept STRIKE
354,Concept POUND
355,Concept CUT DOWN
356,Concept SHEARS
357,Concept HANG UP
358,Concept TINPLATE
359,Concept POTTER
360,Concept FAN ACTION
361,Concept PEG
362,Concept STRING
363,"Concept DWELL (LIVE, RESIDE)"
365,Concept SPLASH
366,Concept LIMP
367,Concept RIDE
369,Concept OWE
371,Concept PICK UP
372,Concept POINTED
374,Concept ONE TIME
375,Concept SNIFF
376,Concept FRAGRANT
377,Concept LOUD
378,Concept PINCH
379,Concept BLUNT
380,Concept WRINKLED
381,Concept BLAME
383,Concept MASTER
384,Concept FREEMAN
386,Concept BATTLE-AXE
387,Concept SLING
388,Concept FISHNET
389,Concept FISH TRAP
390,Concept PUNISHMENT
391,Concept BLESS
392,Concept MAGIC
393,Concept CIRCUMCISION
394,Concept SHAMAN (FOLK HEALER)
395,Concept PILL
397,Concept BIRTH CERTIFICATE
398,Concept PIERCE
399,Concept PLANTAIN
400,Concept MUSH
402,Concept SURPASS
403,Concept GARDEN-HOUSE
404,Concept ALCOHOL (FERMENTED DRINK)
405,Concept OLDER SIBLING
406,Concept OLD MAN
407,Concept MANIOC BREAD
408,Concept MEN'S HOUSE
409,Concept FORKED BRANCH
410,Concept YAM
411,Concept GOURD
412,Concept CARRY IN HAND
413,Concept CARRY ON SHOULDER
414,Concept CARRY ON HEAD
415,Concept CARRY UNDER ARM
416,Concept OUTRIGGER
417,Concept THREE TIMES
418,Concept FOR A LONG TIME
419,Concept SEVERE
420,Concept FOREST
421,Concept RETREAT
423,Concept GET LOST
424,Concept MARRIED MAN
425,Concept BE LATE
426,Concept MARRIED WOMAN
427,Concept YOUNGER SIBLING
429,Concept SWIDDEN FIELD
430,Concept TWIST
431,Concept UPPER ARM
432,Concept BLOWGUN
433,Concept HOWLER MONKEY
434,Concept SPIDER MONKEY
435,Concept COLLARED PECCARY
436,Concept WHITE-LIPPED PECCARY
437,Concept GUAN
438,Concept CHIGGOE (JIGGER FLEA)
439,Concept CEBUS MONKEY
440,Concept CHONTA PALM
441,Concept CHICHA
442,Concept FRONT TOOTH (INCISOR)
443,Concept TIP (OF TONGUE)
444,Concept LONG HAIR
445,Concept UPPER BACK
446,Concept LOWER ARM
447,Concept LOWER LEG
448,Concept STORM CLOUDS
449,Concept CORN FIELD
450,Concept CUSHMA
451,Concept HARMATTAN
452,Concept DRY SEASON
453,Concept RAINY SEASON
454,Concept SHEA NUT TREE
455,Concept MAHOGANY TREE
456,Concept GUINEA FOWL
457,Concept BLIND PERSON
458,Concept DEAF PERSON
459,Concept SNAPP (OF STICK)
460,Concept BREAK (OF ROPE)
461,Concept BOUBOU
462,Concept WRAPPER
463,Concept FELL (A TREE)
465,Concept CARRY ON BACK
466,Concept CASSOWARY
467,Concept CRAYFISH
468,Concept G-STRING
469,Concept PANDANUS
470,Concept POSSUM
472,Concept PELICAN
474,Concept DRESS
475,Concept UNTRUTH
476,Concept CUP
477,Concept LATE
478,Concept LIP
479,Concept GROW
480,Concept PLATE
481,Concept DISH
482,Concept NOBLE
483,Concept COMPOUND
484,Concept CONDEMN
485,Concept DISAPPEAR
486,Concept MINISTER
487,Concept SHY
488,Concept MANNER
489,Concept KIDNEY
490,Concept DESCENDANTS
492,Concept THREE
493,Concept FIVE
496,Concept CUCUMBER
497,Concept SCAR
498,Concept CALF OF LEG
499,Concept CURE
501,Concept LIFT
502,Concept NAIL (TOOL)
503,Concept FROG
504,Concept LEARN
505,Concept PARENTS
506,Concept MAIZE
507,Concept MELON
509,Concept CERTAIN
511,Concept BAOZI
513,Concept THIS YEAR
514,Concept LAST YEAR
515,Concept NEXT YEAR
516,Concept PERSON (CLASSIFIER)
518,Concept SPARK
519,Concept SPOT
522,Concept WOLF
525,Concept BLOOD VESSEL
526,Concept HOWL
531,Concept HOW MUCH
534,Concept HUMP
537,Concept TURBID
539,Concept NEST
540,Concept PALATE
544,Concept SPICY
549,Concept COPULATE
552,Concept GROW UP
554,Concept HINDER
558,Concept PASS BY
565,Concept OLD (OF MAN)
568,Concept RISE (MOVE UPWARDS)
569,Concept SPOIL (BECOME SPOILED)
570,Concept STAND UP
571,Concept STING
573,Concept SWAY
574,Concept TRANSIT
575,Concept TREAD
576,Concept DANDRUFF
578,Concept KISS
579,Concept BATTLE
580,Concept FUR
581,Concept COME BACK
582,Concept LEND
584,Concept DIFFICULT
585,Concept BOOT
586,Concept GARDEN
587,Concept ANT
588,Concept BROKEN
589,Concept CLOSED
590,Concept NAKED
591,Concept ADDRESS
592,Concept PISS
593,Concept POTATO
594,Concept PIECE
595,Concept GROUNDNUTS
596,Concept POSTAGE STAMP
597,Concept PHYSICIAN
598,Concept SHELL
599,Concept DRIVER'S LICENSE
600,Concept STRANGE
601,Concept LIE (MISLEAD)
602,Concept HIDE (CONCEAL)
603,Concept COAT
604,Concept GLASS
605,Concept GRAIN
606,Concept GRASS
607,Concept GRASSHOPPER
609,Concept HAIL
610,Concept PORT
611,Concept HARVEST
612,Concept HEAT
613,Concept HIGH TIDE
614,Concept HILL
615,Concept HORSE
616,Concept HOSPITAL
617,Concept ICE
618,Concept PRECIPICE
619,Concept ANIMAL
620,Concept INSECT
621,Concept IRON
622,Concept ISLAND
623,Concept LAGOON
624,Concept LAKE
625,Concept LAMP
626,Concept LAND
627,Concept LEAD (CHEMICAL ELEMENT)
628,Concept LEAF
629,Concept LEATHER
630,Concept LIGHT (RADIATION)
631,Concept LIVESTOCK
632,Concept LIZARD
633,Concept MARKET
634,Concept MEAT
635,Concept MILK
636,Concept MILL
638,Concept MOTORCYCLE
639,Concept MOUNTAIN
640,Concept MUD
641,Concept MUSHROOM
642,Concept MUSIC
643,Concept NEED (NOUN)
644,Concept OAK
645,Concept OCEAN
646,Concept ASH
647,Concept PAINT (PIGMENTS)
648,Concept PAPER
649,Concept PASTURE
650,Concept PETROLEUM
651,Concept SEAL
652,Concept PLAIN
653,Concept PLANT (VEGETATION)
654,Concept PLASTIC
655,Concept POISON
656,Concept POLICE
657,Concept PRICE
658,Concept RAIN (PRECIPITATION)
659,Concept REED
660,Concept REEF
661,Concept RELIGION
662,Concept BATTERY
663,Concept BAY
665,Concept BEE
666,Concept RIVER
667,Concept ROAD
668,Concept ROCK
670,Concept ROOT
671,Concept SAND
672,Concept EARLY
673,Concept SCHOOL
674,Concept MOUTH
675,Concept FAECES (EXCREMENT)
676,Concept SHIT (DEFECATE)
677,Concept AXE
678,Concept BEARD
679,Concept BRIGHT
680,Concept BREAK (DESTROY OR GET DESTROYED)
681,Concept DESTROY
682,Concept SIDE
683,Concept PERSON
684,Concept OWN
686,Concept EASY
687,Concept NOTHING
688,Concept LUNG
689,Concept BETWEEN
690,Concept BOTTOM
691,Concept SEASON
692,Concept BRING
693,Concept FROM
694,Concept GET
695,Concept GO
696,Concept STIR
698,Concept WISE
699,Concept SAD
700,Concept CARRY
701,Concept SLOW
702,Concept CATCH
703,Concept SOON
704,Concept CLEAN
705,Concept GO UP (ASCEND)
706,Concept DARK
707,Concept REMEMBER
708,Concept SHINE
709,Concept TEACH
710,Concept WHEEL
711,Concept TALL
712,Concept RICH
713,Concept STEAL
714,Concept SEED
715,Concept SHOUT
716,Concept GROAN
717,Concept SWEET
718,Concept PAY
719,Concept FIND
720,Concept GOOD LUCK
721,Concept LOW
722,Concept ATTACK
723,Concept PLACE (POSITION)
724,Concept READ
725,Concept OLD PERSON
726,Concept WHILE
727,Concept WHICH
728,Concept FIRST
729,Concept DAWN
730,Concept SNAKE
731,Concept BEVERAGE
732,Concept YOUR (SINGULAR)
733,Concept EARN
734,Concept MAKE
735,Concept OWL
736,Concept YARD
737,Concept LIGHT (IGNITE)
738,Concept THING
739,Concept FEED
740,Concept SHIP
741,Concept DRIVE
742,Concept END (OF SPACE)
743,Concept END (OF TIME)
744,Concept EGG
745,Concept SHELF
746,Concept SHOP
747,Concept BICYCLE
748,Concept SOW SEEDS
749,Concept ENTER
750,Concept DROP
751,Concept SHRUB
752,Concept STORE
753,Concept PUPIL (STUDENT)
754,Concept HURRY
755,Concept DENY
757,Concept BUTTON
758,Concept HERON
759,Concept SILVER
760,Concept KNOT
761,Concept COVER
762,Concept OUTSIDE
763,Concept SKIN
764,Concept SUIT
765,Concept MOVE
767,Concept CORPSE
768,Concept LUNCH
769,Concept ROOF
770,Concept EARRING
771,Concept HAT
772,Concept BELT
773,Concept HAVE
774,Concept CABBAGE
777,Concept FLUTE
778,Concept SMOKE (EXHAUST)
779,Concept PART
780,Concept OUR
781,Concept FEAR (FRIGHT)
782,Concept DEFEAT
783,Concept VICTORY
784,Concept SNOW
785,Concept STRONG
786,Concept SAILCLOTH
787,Concept SAIL
788,Concept SOAP
789,Concept PEOPLE
790,Concept READY
791,Concept STRANGER
792,Concept BOIL (OF LIQUID)
793,Concept BOIL (OF SKIN)
794,Concept PEN
796,Concept NIPPLE
797,Concept TESTICLES
798,Concept JAW
799,Concept WRIST
800,Concept THIGH
801,Concept RIB
802,Concept ADAM'S APPLE
803,Concept ANKLE
804,Concept WOMB
805,Concept SPINE
806,Concept BLANKET
808,Concept DRIP (FALL IN GLOBULES)
809,Concept TROUSERS
810,Concept LOCUST
811,Concept SOUL
812,Concept SLAVE
813,Concept DO
814,Concept DRESS UP
815,Concept GOVERNMENT
816,Concept HALF
817,Concept THEY
818,Concept WILLOW
819,Concept STOMACH
820,Concept LAMB
822,Concept HOW MANY
823,Concept SORCERER
825,Concept AWAKE
827,Concept ROLL
828,Concept RACCOON
829,Concept RAFTER
830,Concept SOOT
832,Concept BEAN
833,Concept ENDURE
834,Concept BUTTOCKS
836,Concept SCREWDRIVER
837,Concept BLUE
838,Concept REMAINS
840,Concept CORMORANT
841,Concept FISHING SPEAR
842,Concept LIQUOR
843,Concept SPIDER
844,Concept KIND (THING)
845,Concept MURDER
846,Concept TIGER
847,Concept THIRSTY
848,Concept THIRST
849,Concept SPRING (OF WATER)
850,Concept SQUARE
851,Concept STABLE
852,Concept PRIEST
853,Concept ALTAR
854,Concept KETTLE
855,Concept SEIZE
856,Concept HIRE
857,Concept STONE
858,Concept STORM
859,Concept STOVE
860,Concept CAUSE
861,Concept JUDGE
862,Concept SUGAR
863,Concept EDGE
864,Concept PUMPKIN
866,Concept WIN
867,Concept GLOVE
868,Concept BANANA
870,Concept BREATH
871,Concept RATTLESNAKE
873,Concept TAX
874,Concept CANDY
875,Concept SHOEMAKER
876,Concept ARCH
877,Concept MASON
878,Concept HELL
879,Concept COUGH
881,Concept TAILOR
882,Concept PARROT
883,Concept TERMITE
884,Concept SHARE
885,Concept OPPOSITE
886,Concept PARAKEET
887,Concept BITTER
889,Concept FLAME
890,Concept MULE
891,Concept TIDE
892,Concept TIME
893,Concept TIN (METAL)
894,Concept TOAD
895,Concept TORTOISE
896,Concept ANACONDA (WATER BOA)
897,Concept SWALLOW
899,Concept PRESIDENT
900,Concept TRAIN
901,Concept ADOBE
902,Concept ADULTERY
904,Concept BERRY
906,Concept TREE
907,Concept OLD WOMAN
908,Concept DRUM
909,Concept GARBAGE
910,Concept DEATH
911,Concept TEMPLE
912,Concept COYOTE
913,Concept CROW
914,Concept SCULPTOR
915,Concept SINK (BASIN)
916,Concept LINEN
917,Concept ORNAMENT
919,Concept CHILI PEPPER
920,Concept GRAPE
921,Concept VALLEY
922,Concept PEAR
923,Concept LOVE
924,Concept VEGETABLES
925,Concept CASSAVA
926,Concept RICE
928,Concept EMBRACE
930,Concept VILLAGE
931,Concept MILLET
932,Concept BARLEY
933,Concept WALL (OF HOUSE)
934,Concept BUFFALO
935,Concept WAR
936,Concept STALLION
937,Concept BIRD
938,Concept MARE
939,Concept HORN (INSTRUMENT)
940,Concept STRAIN
941,Concept MEAD
942,Concept HONEY
943,Concept WATERFALL
945,Concept SPEAR
946,Concept BLOOD
947,Concept STREAM
948,Concept WATER
950,Concept SEAGULL
951,Concept WEAPONS
952,Concept WEATHER
953,Concept RAPE
954,Concept WELL
956,Concept FLEE
957,Concept WHALE
958,Concept WILD ANIMAL
960,Concept WIND
961,Concept PEBBLES
962,Concept WOMAN
963,Concept BOOK
964,Concept WOOL
965,Concept WORLD
966,Concept BRAKE
968,Concept ACORN
969,Concept CIGARETTE
970,Concept COCONUT
971,Concept MUST
972,Concept BE ABLE
973,Concept NOODLE
974,Concept TOBACCO
976,Concept WEAR
977,Concept ARROW
978,Concept WAVE
979,Concept FARMER
980,Concept HEEL
981,Concept ELBOW
982,Concept LIME (FRUIT)
983,Concept CONVICT
984,Concept WORK (LABOUR)
985,Concept VINEGAR
986,Concept TOMATO
987,Concept REMAIN
988,Concept ACQUIT
989,Concept CLEAR
990,Concept CREEK (TIDAL)
991,Concept FRY
992,Concept CLIFF
994,Concept BOW
996,Concept DEAF
997,Concept BAOBAB TREE
998,Concept PUT
999,Concept JOINT
1000,Concept ANXIETY
1001,Concept BLACKSMITH
1002,Concept STATUE
1003,Concept PERMIT
1005,Concept TWINS
1006,Concept BRICK
1007,Concept COW
1008,Concept BULL
1010,Concept BOUNDARY
1011,Concept BRIDGE
1012,Concept LATCH
1013,Concept FRESHWATER EEL
1014,Concept OR
1016,Concept DRIZZLE
1018,Concept MEMORY
1019,Concept RIGHT
1021,Concept TOWEL
1022,Concept BOOTY
1023,Concept STUMP OF TREE
1024,Concept CHARACTER
1025,Concept WHISTLE
1026,Concept LOW TIDE
1027,Concept BUG
1028,Concept YAWN
1029,Concept JEWEL
1030,Concept NECESSARY
1032,Concept CITIZEN
1033,Concept GRIND
1034,Concept DEFENDANT
1035,Concept GOOD
1036,Concept OWNER
1038,Concept TEACHER
1039,Concept SHOW
1040,Concept HAIR
1041,Concept INCREASE
1042,Concept CARPENTER
1043,Concept BRAID
1044,Concept PILLOW
1045,Concept POET
1046,Concept SHUT
1047,Concept PURSUE
1048,Concept LINE
1049,Concept MOLAR TOOTH
1050,Concept MOTHER-IN-LAW
1051,Concept CAN
1052,Concept LIGHT (WEIGHT)
1053,Concept HUNTER
1054,Concept SMALLPOX
1055,Concept FATHER-IN-LAW
1056,Concept SON-IN-LAW
1057,Concept DAUGHTER-IN-LAW
1058,Concept STEPDAUGHTER
1059,Concept STEPSON
1060,Concept CHILD-IN-LAW
1061,Concept ARMOUR
1062,Concept LAW
1063,Concept NEPHEW
1064,Concept SHIELD
1065,Concept SPIDER WEB
1066,Concept CRIME
1067,Concept JUDGMENT
1068,Concept COURT
1069,Concept GLUE
1070,Concept BUS
1071,Concept HOOK
1072,Concept PRISONER
1074,Concept FISHHOOK
1075,Concept TRAP (PITFALL)
1076,Concept EMERGE (APPEAR)
1077,Concept WHEAT
1079,Concept FEEL
1081,Concept BILL
1082,Concept MERCHANT
1084,Concept CALL
1085,Concept FOLLOW
1086,Concept WORK (ACTIVITY)
1087,Concept CONCEIVE
1088,Concept SINK (DESCEND)
1090,Concept BE BORN
1091,Concept SALTY
1092,Concept HOPE
1093,Concept MIDDLE
1094,Concept FASTEN
1095,Concept LET GO OR SET FREE
1096,Concept SONG
1098,Concept WEIGH
1100,Concept COOK (SOMETHING)
1102,Concept CLIMB
1103,Concept SACRIFICE
1104,Concept NURSE
1105,Concept CAMP
1106,Concept FALL ASLEEP
1107,Concept GO OUT
1108,Concept UNCOVER
1109,Concept WOUND
1110,Concept SHARK
1111,Concept CAR
1112,Concept SUCCEED
1113,Concept WRAP
1114,Concept BULLET
1115,Concept SPEECH
1116,Concept DAMAGE
1117,Concept LIKE
1118,Concept ACCUSTOM
1119,Concept DIVIDE
1120,Concept HONEST
1121,Concept SECRET
1122,Concept WAGES
1123,Concept PREGNANT
1124,Concept PIPE
1125,Concept BALD
1126,Concept CITRUS FRUIT
1127,Concept SEND
1128,Concept ORDER
1129,Concept PAINFUL
1130,Concept WE (EXCLUSIVE)
1131,Concept WE (INCLUSIVE)
1132,Concept BEAM
1133,Concept MATCH
1134,Concept DIVORCE
1135,Concept KICK
1136,Concept RABBIT
1137,Concept TENDON
1139,Concept LEOPARD
1140,Concept FATIGUE
1141,Concept PITY
1142,Concept URINE
1143,Concept OVEN
1144,Concept WITNESS
1145,Concept SWAMP
1146,Concept AUBERGINE
1147,Concept PURE
1148,Concept BRUISE
1149,Concept ORPHAN
1150,Concept THUNDER
1151,Concept VEIL
1152,Concept BEGET
1153,Concept CATTLE
1154,Concept OLIVE
1155,Concept CAVE
1156,Concept OPEN
1157,Concept BECAUSE
1158,Concept STEP
1159,Concept FART
1160,Concept THIEF
1161,Concept THREAD
1162,Concept INTENTION
1165,Concept MOUSTACHE
1166,Concept MOULD
1167,Concept GRUEL
1169,Concept OX
1170,Concept TRAP (CATCH)
1171,Concept MIRROR
1172,Concept SHOOT
1173,Concept EYEBROW
1174,Concept YESTERDAY
1175,Concept GHOST
1176,Concept SPADE
1178,Concept NOSTRIL
1179,Concept DAY AFTER TOMORROW
1180,Concept DAY BEFORE YESTERDAY
1181,Concept PALM TREE
1182,Concept NOISE
1183,Concept PALM OF HAND
1184,Concept DIMINISH
1185,Concept VULTURE
1186,Concept LAST (ENDURE)
1187,Concept GOOSE
1188,Concept CHARCOAL
1189,Concept ULCER
1190,Concept HARE
1191,Concept COOKED RICE
1192,Concept THREATEN
1193,Concept STEAM
1194,Concept BEAVER
1195,Concept GIVE BIRTH
1197,Concept BABOON
1198,Concept MANY
1199,Concept WIFE
1200,Concept HUSBAND
1201,Concept FEATHER
1202,Concept BIG
1203,Concept LONG
1204,Concept BARK
1205,Concept TONGUE
1206,Concept BARKING
1207,Concept YOUNG
1208,Concept CAT
1209,Concept I
1210,Concept HEAVY
1211,Concept HE
1212,Concept WE
1213,Concept YOU
1214,Concept THIS
1215,Concept THOU
1216,Concept MOTHER
1217,Concept FATHER
1218,Concept ROPE
1219,Concept WORM
1220,Concept TAIL
1221,Concept NOSE
1222,Concept PENIS
1223,Concept HEART
1224,Concept LIVER
1225,Concept DAY (NOT NIGHT)
1226,Concept YEAR
1227,Concept BOARD
1228,Concept EARTH (SOIL)
1229,Concept OLD
1230,Concept DIRTY
1231,Concept NEW
1232,Concept WARM
1233,Concept NIGHT
1234,Concept SMOOTH
1235,Concept WHO
1236,Concept WHAT
1237,Concept WHERE
1238,Concept WHEN
1239,Concept HOW
1240,Concept NOT
1241,Concept SOME
1242,Concept FEW
1243,Concept WIDE
1244,Concept THICK
1245,Concept BUTTER
1246,Concept SMALL
1247,Concept EAR
1248,Concept EYE
1249,Concept SPIKE
1250,Concept JAGUAR
1251,Concept BELLY
1252,Concept HOUSE
1253,Concept RAIN (RAINING)
1254,Concept HANDLE
1256,Concept HEAD
1257,Concept WING
1258,Concept FINGERNAIL
1259,Concept WEDDING
1260,Concept DAY (24 HOURS)
1261,Concept SING
1262,Concept BROTHER
1263,Concept SISTER
1264,Concept CHANGE
1265,Concept HIGH
1266,Concept BRIDE
1267,Concept NARROW
1268,Concept YES
1269,Concept NO
1270,Concept WHY
1271,Concept DELIGHT
1272,Concept AUNT
1273,Concept CANDLE
1274,Concept SALT
1275,Concept ANSWER
1276,Concept AUTUMN
1277,Concept HAND
1278,Concept VOMIT
1279,Concept FAT (OBESE)
1280,Concept FALL
1281,Concept PRISON
1282,Concept FAT (FROM ANIMALS)
1283,Concept TODAY
1284,Concept BANK
1286,Concept HOT
1287,Concept COLD
1288,Concept CAP
1289,Concept BABY
1290,Concept ELEPHANT
1291,Concept BACK
1292,Concept BAD
1293,Concept MISTAKE
1294,Concept ZERO
1295,Concept STICK
1296,Concept WALKING STICK
1297,Concept LEG
1298,Concept NEWSPAPER
1299,Concept COFFEE
1300,Concept COUNTRY
1301,Concept FOOT
1302,Concept FORK
1303,Concept FINGER
1304,Concept CHILD (YOUNG HUMAN)
1305,Concept CHIMNEY
1306,Concept QUEEN
1307,Concept LANGUAGE
1308,Concept DOUBT
1309,Concept ASK (INQUIRE)
1310,Concept CLEVER
1311,Concept VERY
1312,Concept FOX
1313,Concept MOON
1314,Concept QUIET
1315,Concept RADIO
1316,Concept TENT
1318,Concept CHICKEN
1319,Concept COWARD
1320,Concept APPLE
1321,Concept BOTTLE
1322,Concept BREAKFAST
1323,Concept CLOCK
1324,Concept SLIP
1325,Concept FRIEND
1326,Concept DOWN
1327,Concept UNCLE
1329,Concept TOMORROW
1330,Concept DEFEND
1331,Concept SHEEP
1332,Concept NEIGHBOUR
1333,Concept NECK
1334,Concept GUTS
1335,Concept WHITE
1336,Concept EAT
1337,Concept PIG
1338,Concept PEACE
1339,Concept MORNING
1340,Concept WITH
1342,Concept SUMMER
1343,Concept SUN
1344,Concept RAM
1345,Concept EWE
1346,Concept THROAT
1347,Concept NAPE (OF NECK)
1348,Concept BOAR
1349,Concept CHURCH
1350,Concept MONKEY
1351,Concept SOW (FEMALE PIG)
1352,Concept KNIFE
1353,Concept HOUR
1354,Concept NEXT
1355,Concept LAUGH
1356,Concept NUMBER
1357,Concept DAUGHTER
1358,Concept ENEMY
1359,Concept SEPARATE
1360,Concept DUCK
1361,Concept TOOL
1362,Concept STREET
1363,Concept VOICE
1364,Concept HEALTHY
1365,Concept KITCHEN
1366,Concept BOY
1367,Concept CROSS
1368,Concept BREAD
1369,Concept GOLD
1370,Concept MONTH
1371,Concept KNEE
1372,Concept MEDICINE
1373,Concept TEA
1374,Concept RING
1375,Concept WINDOW
1376,Concept NOW
1377,Concept VISIT
1378,Concept SPOON
1379,Concept TELEPHONE
1380,Concept TOOTH
1381,Concept SHOE
1382,Concept NEEDLE (FOR SEWING)
1383,Concept GRANDFATHER
1384,Concept SECOND
1385,Concept PEPPER
1386,Concept LION
1387,Concept ARRIVE
1388,Concept SHADE
1389,Concept TOE
1390,Concept WRONG
1391,Concept TOWN
1392,Concept LOUSE
1393,Concept HORN (ANATOMY)
1394,Concept BONE
1395,Concept ROUND
1396,Concept SHARP
1397,Concept DULL
1398,Concept DRY
1399,Concept CLAY
1400,Concept THIN (SLIM)
1401,Concept DRINK
1402,Concept BREAST
1403,Concept BITE
1404,Concept STRAIGHT
1405,Concept NAME
1406,Concept FAR
1407,Concept BREATHE
1408,Concept HEAR
1409,Concept SEE
1410,Concept KNOW (SOMETHING)
1411,Concept LIE (REST)
1413,Concept PLAY
1414,Concept SQUEEZE
1415,Concept THINK (REFLECT)
1416,Concept SIT
1417,Concept KILL
1418,Concept DIG
1419,Concept FEAR (BE AFRAID)
1420,Concept COUNT
1421,Concept SUCK
1422,Concept BE ALIVE
1423,Concept FIGHT
1424,Concept YELLOW
1425,Concept GREEN
1426,Concept EXPENSIVE
1427,Concept BEAUTIFUL
1428,Concept BURNING
1429,Concept FULL
1430,Concept STAR
1431,Concept FREEZE
1432,Concept CUT
1433,Concept HIT
1434,Concept STAB
1435,Concept HUNT
1436,Concept SCRATCH
1437,Concept SPLIT
1439,Concept SWIM
1440,Concept SPIT
1441,Concept FLY (MOVE THROUGH AIR)
1442,Concept STAND
1443,Concept WALK
1444,Concept TURN AROUND
1445,Concept TURN (SOMETHING)
1446,Concept COME
1447,Concept GIVE
1448,Concept HOLD
1449,Concept RUB
1450,Concept ROOM
1451,Concept SMILE
1452,Concept PUSH
1453,Concept WASH
1454,Concept WIPE
1455,Concept PULL
1456,Concept THROW
1457,Concept SEW
1458,Concept SAY
1459,Concept IF
1460,Concept IN
1461,Concept AT
1462,Concept POT
1463,Concept DRUNK
1464,Concept LADDER
1465,Concept BOX
1467,Concept CIRCLE
1468,Concept LOOK FOR
1469,Concept WEEK
1470,Concept FOLD
1471,Concept WINTER
1472,Concept KEY
1473,Concept FIST
1474,Concept SEA
1475,Concept COMB
1476,Concept CHAIR
1477,Concept KEEP
1478,Concept WITHOUT
1479,Concept DOLPHIN
1480,Concept BODY
1481,Concept HAMMER
1482,Concept SHOULDER
1483,Concept NINE
1484,Concept OIL (ORGANIC SUBSTANCE)
1485,Concept BELOW OR UNDER
1486,Concept PLANT (SOMETHING)
1487,Concept POUR
1488,Concept FAUCET
1489,Concept CLOUD
1490,Concept RAT
1491,Concept MOUSE
1493,Concept ONE
1494,Concept DIE
1495,Concept HAPPY
1496,Concept GRANDMOTHER
1497,Concept POSTCARD
1498,Concept TWO
1500,Concept FOUR
1501,Concept BORE
1502,Concept GOAT
1503,Concept SALIVA
1504,Concept FLY (INSECT)
1505,Concept SPERM
1506,Concept MEASURE
1507,Concept FRUIT
1508,Concept KING
1509,Concept MOSQUITO
1510,Concept CHIN
1511,Concept ROOSTER
1513,Concept THINK (BELIEVE)
1514,Concept HEN
1515,Concept TEN
1517,Concept WASP
1518,Concept STUPID
1519,Concept RUN
1520,Concept CRUSH
1521,Concept SEEM
1522,Concept SOCK
1523,Concept FORGET
1524,Concept WINE
1525,Concept COAST
1526,Concept MEAL
1527,Concept TICK
1528,Concept FORGIVE
1529,Concept LAST (FINAL)
1530,Concept BOWL
1531,Concept BRANCH
1533,Concept BE HUNGRY
1534,Concept FEVER
1535,Concept SWORD
1536,Concept UNDERSTAND
1537,Concept SPRINGTIME
1538,Concept SCORPION
1539,Concept BASKET
1540,Concept EYELASH
1541,Concept CULTIVATE
1542,Concept ACCOMPANY
1543,Concept SNAIL
1544,Concept SOMETIMES
1545,Concept HOST
1546,Concept TWICE
1547,Concept SOUP
1548,Concept UGLY
1550,Concept PREVENT
1551,Concept FEMALE
1553,Concept MALE
1554,Concept MAN
1555,Concept CHAMELEON
1556,Concept YOLK
1557,Concept BEGINNING
1558,Concept SIMILAR
1559,Concept MONEY
1560,Concept FACE
1561,Concept ARMY
1562,Concept MIND
1563,Concept PYTHON
1564,Concept LAZY
1565,Concept HEAVEN
1566,Concept GUN
1567,Concept DOOR
1568,Concept ARRANGE
1569,Concept CHEESE
1571,Concept SELL
1572,Concept SURPRISED
1573,Concept SWELL
1574,Concept FLOAT
1575,Concept COCKROACH
1576,Concept PILE UP
1577,Concept AND
1578,Concept IGUANA
1579,Concept BE
1580,Concept ONLY
1583,Concept BRAIN
1584,Concept BLISTER
1585,Concept SLEEP
1586,Concept SMELL (PERCEIVE)
1587,Concept SMELL (STINK)
1588,Concept TURN
1589,Concept HUMMINGBIRD
1590,Concept WAIT (FOR)
1591,Concept UP
1592,Concept CHEST
1593,Concept DEEP
1594,Concept FLOUR
1595,Concept SOUTH
1596,Concept LOCK
1597,Concept AIRPLANE
1598,Concept NORTH
1599,Concept WORD
1600,Concept SKIRT
1601,Concept WEAK
1602,Concept WAKE UP
1603,Concept MOSQUE
1604,Concept TEMPLES
1605,Concept SKULL
1606,Concept INSIDE
1607,Concept HATE
1608,Concept LISTEN
1609,Concept IDEA
1610,Concept PROSTITUTE
1611,Concept INVITE
1612,Concept LETTER
1613,Concept COLOR
1614,Concept SUMMIT
1615,Concept ESCAPE
1616,Concept CLOTH
1617,Concept GRANDCHILD
1618,Concept GRANDSON
1619,Concept GRANDDAUGHTER
1620,Concept SON
1621,Concept SNEEZE
1622,Concept SHIRT
1623,Concept SPEAK
1624,Concept EMPTY
1625,Concept DEAD
1626,Concept EXPLAIN
1627,Concept CHAIN
1628,Concept SQUIRREL
1629,Concept EVENING
1630,Concept MACAW
1631,Concept FAST
1632,Concept FLOOR
1633,Concept FLAT
1634,Concept HUNDRED
1635,Concept OBEY
1638,Concept TRUTH
1639,Concept BEER
1640,Concept SIBLING
1641,Concept SILK
1642,Concept NIECE
1643,Concept COUSIN
1644,Concept RELATIVES
1645,Concept SHORT
1646,Concept GIRL
1647,Concept FOAL
1648,Concept ANVIL
1649,Concept SIT DOWN
1650,Concept WATCH
1651,Concept TEAR (OF EYE)
1652,Concept INSTEAD
1653,Concept BLIND
1654,Concept LIGHTNING
1655,Concept BLINK
1656,Concept NEVER
1657,Concept TRUE
1659,Concept DOLL
1660,Concept LOSE
1662,Concept CAPE
1663,Concept BED
1664,Concept RAFT
1665,Concept BEAT
1666,Concept MUTE
1667,Concept HOLE
1668,Concept GRIEF
1669,Concept ANCESTORS
1670,Concept RAPIDS
1671,Concept TOWER
1672,Concept WRITE
1673,Concept ARM
1674,Concept POOR
1675,Concept PROMISE
1676,Concept ALWAYS
1677,Concept WORKSHOP
1678,Concept HUT
1679,Concept LOAD
1680,Concept HELMET
1681,Concept WAIST
1682,Concept GUILTY
1683,Concept BUSH
1684,Concept BUD
1685,Concept AFTER
1686,Concept BEHIND
1687,Concept PRAISE
1689,Concept SMOKE (INHALE)
1690,Concept FENCE
1692,Concept FRIDAY
1693,Concept THURSDAY
1694,Concept WEDNESDAY
1695,Concept TUESDAY
1696,Concept SURRENDER
1697,Concept MONDAY
1699,Concept SUNDAY
1700,Concept SATURDAY
1702,Concept HOLY
1703,Concept SIX
1704,Concept SEVEN
1705,Concept EIGHT
1706,Concept ELEVEN
1707,Concept TWELVE
1708,Concept THIRTEEN
1709,Concept FIFTEEN
1710,Concept TWENTY
1711,Concept TELL
1712,Concept OATH
1713,Concept EIGHTEEN
1714,Concept NINETEEN
1715,Concept THIRTY
1716,Concept FORTY
1717,Concept FIFTY
1718,Concept SIXTY
1719,Concept BURY
1720,Concept SIGN
1721,Concept SEVENTY
1722,Concept EIGHTY
1723,Concept RESULT IN
1724,Concept NINETY
1725,Concept CORRECT (RIGHT)
1726,Concept WET
1728,Concept ROTTEN
1729,Concept PLAIT OR BRAID OR WEAVE
1730,Concept CHEEK
1731,Concept MORTAR BINDER
1732,Concept SKY
1733,Concept RAINBOW
1734,Concept TWENTY ONE
1735,Concept TEAR (SHRED)
1736,Concept TWENTY FOUR
1737,Concept OKRA
1738,Concept TWENTY FIVE
1739,Concept DECORATE
1740,Concept PINE
1741,Concept ABOVE
1742,Concept TRAVERSE
1743,Concept JOIN
1744,Concept SPLEEN
1745,Concept HIP
1746,Concept BLADDER
1747,Concept CUSTOM
1748,Concept RIDGE
1749,Concept TAKE
1750,Concept CHOOSE
1752,Concept LEAVE
1753,Concept TOP
1754,Concept BRACELET
1755,Concept UNDRESS
1756,Concept WIDOW
1757,Concept TIRED
1758,Concept OLDER SISTER
1759,Concept OLDER BROTHER
1760,Concept YOUNGER BROTHER
1761,Concept YOUNGER SISTER
1762,Concept STONE (OF FRUIT)
1763,Concept CLUB
1764,Concept OBSCURE
1765,Concept IN VAIN
1766,Concept FINISH
1767,Concept SCRAPE
1768,Concept FOAM
1769,Concept AXLE
1770,Concept CARCASS
1771,Concept TASTELESS
1772,Concept ELK
1773,Concept GRAVE
1774,Concept STINGY
1775,Concept TABLE
1776,Concept SHAME
1777,Concept RESEMBLE
1778,Concept APPROACH
1779,Concept DARE
1780,Concept BILE
1781,Concept THUMB
1782,Concept GUEST
1783,Concept PAIN
1784,Concept WANT
1785,Concept HAVE SEX
1786,Concept DRY UP
1787,Concept LOOM
1788,Concept TELEVISION
1789,Concept AGE
1790,Concept LICENSE PLATE
1791,Concept BUTTERFLY
1792,Concept PERJURY
1793,Concept BAT
1794,Concept FURROW
1795,Concept BANANA TREE
1796,Concept SLAUGHTER
1798,Concept GUNPOWDER
1799,Concept HYENA
1801,Concept CHILD (DESCENDANT)
1802,Concept SCREW
1803,Concept WOOD
1804,Concept BOMB
1805,Concept INJECTION
1806,Concept BEGIN
1807,Concept AFTERNOON
1808,Concept PUS
1809,Concept PIMPLE
1810,Concept DANGER
1811,Concept SOUND OR NOISE
1812,Concept TRY
1813,Concept TASTY
1814,Concept ACCUSE
1815,Concept ACHE
1816,Concept BESIDE
1817,Concept WEST
1818,Concept ADJUDICATE
1819,Concept LOOK
1820,Concept BEAR
1821,Concept BRUSH
1823,Concept BORROW
1824,Concept DEXTEROUS
1825,Concept COPPER
1826,Concept ANGRY
1827,Concept HARVEST CROPS
1828,Concept ASK (REQUEST)
1829,Concept JUMP
1830,Concept CRANE
1831,Concept MEET
1832,Concept SIBLING-IN-LAW
1833,Concept DINNER (SUPPER)
1834,Concept SHE
1835,Concept MARROW
1836,Concept VAGINA
1837,Concept VULVA
1838,Concept NAVEL
1839,Concept CRY
1840,Concept BUILD
1841,Concept SUSPECT
1843,Concept THOUSAND
1844,Concept BOAT
1845,Concept BALL
1846,Concept RULE
1847,Concept SICK
1848,Concept QUARREL
1849,Concept ROW
1850,Concept COTTON
1851,Concept POCKET
1852,Concept OFTEN
1853,Concept DOVE
1854,Concept SPARROW
1855,Concept BIRCH
1856,Concept SOFT
1857,Concept CROCODILE
1858,Concept FISHERMAN
1859,Concept THIRD
1860,Concept BEAD
1862,Concept DONKEY
1864,Concept HUNGER
1865,Concept BUZZARD
1866,Concept STUTTER
1867,Concept COIN
1869,Concept BUY
1870,Concept ANCHOR
1871,Concept CAMEL
1872,Concept DUIKER
1873,Concept ANTHILL
1874,Concept SAUSAGE
1875,Concept REGRET
1876,Concept REINDEER
1877,Concept EAST
1879,Concept DANCE
1881,Concept ENOUGH
1882,Concept BEFORE
1883,Concept IN FRONT OF
1884,Concept HARD
1885,Concept ARMADILLO
1886,Concept ARMPIT
1887,Concept CHEAP
1888,Concept PAIR
1889,Concept ARSON
1890,Concept BELIEVE
1891,Concept PUMA
1892,Concept TOUCH
1893,Concept QUAIL
1894,Concept ASHAMED
1895,Concept CLOTHES
1896,Concept FINGERNAIL OR TOENAIL
1897,Concept HELP
1898,Concept SPECTACLES
1899,Concept MAD
1901,Concept SHOVEL
1902,Concept BETRAY
1903,Concept SWELLING
1904,Concept DROWN
1905,Concept EAGLE
1906,Concept SOUR
1909,Concept SHAKE
1910,Concept STINGRAY
1911,Concept DRAW (WATER)
1913,Concept PRESS
1914,Concept DEBT
1915,Concept FIR
1916,Concept GILL
1917,Concept TIE
1920,Concept DREAM (SOMETHING)
1921,Concept PLOUGH
1922,Concept LAND (DESCEND)
1923,Concept ROUGH
1924,Concept VEIN
1926,Concept OINTMENT
1927,Concept BAMBOO
1928,Concept CEASE
1929,Concept STUDY
1931,Concept BEESWAX
1932,Concept GUESS
1934,Concept BEGGAR
1935,Concept ANUS
1936,Concept DEER
1937,Concept THERE
1938,Concept FORTRESS
1939,Concept SWEAR
1940,Concept GUARD
1941,Concept SOLDIER
1942,Concept NEAR
1943,Concept CROWN (OF HEAD)
1944,Concept GOD
1945,Concept IDOL
1946,Concept INITIATION CEREMONY
1948,Concept SAW
1949,Concept BEDBUG
1950,Concept BEECH
1951,Concept PASS
1953,Concept ABUSE
1954,Concept GENTLE
1956,Concept SUNFLOWER
1957,Concept GOITER
1958,Concept UNRIPE
1959,Concept RAW
1961,Concept NECKLACE
1962,Concept ROAST (SOMETHING)
1963,Concept IMMEDIATELY
1964,Concept ALONE
1965,Concept LOINCLOTH
1966,Concept BUNCH
1967,Concept CALENDAR
1968,Concept SOYA SAUCE
1969,Concept MANTOU
1970,Concept CANOE
1971,Concept FAN (OBJECT)
1972,Concept KID
1973,Concept DEMON
1974,Concept CENTIPEDE
1975,Concept CHECK
1976,Concept MERRY
1977,Concept DEW
1978,Concept RECOVER
1979,Concept CHISEL
1981,Concept WIDOWER
1982,Concept WHIRLPOOL
1983,Concept SNORE
1984,Concept MOTHER'S BROTHER
1985,Concept FATHER'S BROTHER
1986,Concept DISEASE
1987,Concept CHOPSTICKS
1989,Concept CALF
1990,Concept BECOME
1991,Concept INTESTINES
1992,Concept MORE
1993,Concept SELF
1994,Concept COLLARBONE
1996,Concept GET TIRED
1997,Concept PRESERVE
1999,Concept OVERCOME
2001,Concept PAINTING
2002,Concept DITCH
2003,Concept FLOW
2004,Concept BEND
2005,Concept MASK
2006,Concept FILL
2007,Concept BOLT (OF LIGHTNING)
2008,Concept RESCUE
2009,Concept DOG
2011,Concept COFFIN
2012,Concept COLLAR
2013,Concept BAIT
2014,Concept GO DOWN (DESCEND)
2015,Concept MAKE DRY
2016,Concept JEALOUSY
2017,Concept MIX
2018,Concept GREEDY
2019,Concept HAMMOCK
2020,Concept PLAINTIFF
2021,Concept GRASP
2022,Concept ADMIT
2023,Concept CROWD
2024,Concept PLOT
2025,Concept PEA
2026,Concept RICE PLANT
2027,Concept SOYA
2028,Concept SOYA BEAN
2030,Concept DRAG
2031,Concept PUT OUT TO PASTURE
2032,Concept WARM UP
2034,Concept FROST
2035,Concept POND
2036,Concept JANUARY
2037,Concept FEBRUARY
2038,Concept DRAGON
2039,Concept MAGPIE
2040,Concept BUCKWHEAT
2041,Concept HEMP
2042,Concept WALNUT
2043,Concept PEACH
2044,Concept PERSIMMON
2045,Concept COLUMN
2046,Concept APRON
2047,Concept STRAW SANDAL
2048,Concept QUILT
2049,Concept CONGEE
2051,Concept DUSTPAN
2052,Concept BUCKET
2053,Concept SMALL BOWL
2055,Concept CLAY POT
2056,Concept WOK
2057,Concept DUNG (ANIMAL FAECES)
2058,Concept STOOL
2059,Concept FOLK SONG
2060,Concept STORY
2061,Concept BUDDHA
2062,Concept INTEREST
2063,Concept CLOSE (EYES)
2064,Concept SCATTER (SEEDS)
2065,Concept STEP (VERB)
2066,Concept PULL UP (RICE SEEDLINGS)
2067,Concept STEAM (VERB)
2068,Concept BRAISE (VERB)
2069,Concept SOAK (VERB)
2070,Concept COMB (VERB)
2071,Concept LAY (VERB)
2072,Concept USE (VERB)
2073,Concept ROB (VERB)
2074,Concept CROW (VERB)
2075,Concept BROOD (VERB)
2076,Concept SPROUT (VERB)
2077,Concept DILIGENT
2078,Concept TEN THOUSAND
2080,Concept BOWL (CLASSIFIER)
2081,Concept CHICKEN (CLASSIFIER)
2082,Concept KNIFE (CLASSIFIER)
2083,Concept AXE (CLASSIFIER)
2084,Concept ROPE (CLASSIFIER)
2085,Concept STICK (CLASSIFIER)
2086,Concept GRAIN (CLASSIFIER)
2087,Concept DROP (CLASSIFIER)
2088,Concept CLOTHING (CLASSIFIER)
2089,Concept PAIR (CLASSIFIER)
2090,Concept MY
2092,Concept HIS OR HER
2093,Concept AFTERWARDS
2094,Concept DOWN OR BELOW
2097,Concept NOW OR TODAY
2098,Concept FOOT OR LEG
2099,Concept CHILD
2100,Concept THATCH OR ROOF
2102,Concept BURN
2103,Concept PAINFUL OR SICK
2104,Concept HOLD OR TAKE
2105,Concept FEMALE PERSON
2106,Concept MALE PERSON
2108,Concept RAINING OR RAIN
2111,Concept YOU TWO
2112,Concept OLD (AGED)
2113,Concept OLD (USED)
2114,Concept BELLY OR STOMACH
2115,Concept CEASE OR FINISH
2116,Concept REST OR SLEEP
2117,Concept DESIRE
2118,Concept MOUNTAIN OR HILL
2119,Concept BOW STRING
2121,Concept ARM OR HAND
2124,Concept SMELL
2125,Concept STONE OR ROCK
2128,Concept CLAW OR NAIL
2130,Concept HEADGEAR
2131,Concept TORCH OR LAMP
2132,Concept SICKLE OR SCYTHE
2133,Concept STRIKE OR BEAT
2134,Concept RAISE (A CHILD)
2135,Concept TRADE OR BARTER
2136,Concept BRASS INSTRUMENT (HORN OR TRUMPET)
2137,Concept MAGICIAN
2138,Concept LEGENDARY CREATURE
2139,Concept MUROID (MOUSE OR RAT)
2142,Concept RUN AWAY
2144,Concept SPRING OR WELL
2146,Concept ROAST OR FRY
2148,Concept PICK
2149,Concept CHOP (INTO PIECES)
2150,Concept MATTER
2151,Concept COARSE
2152,Concept THERE IS OR THERE ARE
2153,Concept CARRY PERSON ON BACK
2154,Concept PLOUGH (INSTRUMENT)
2155,Concept CUT (WITH SCISSORS)
2156,Concept CUT (WITH KNIFE)
2157,Concept FINE OR THIN
2159,Concept GROUND
2160,Concept BAMBOO HAT
2161,Concept HEMP CLOTH
2162,Concept STIR FRY
2163,Concept MARRY (AS WOMAN)
2164,Concept MARRY (AS MAN)
2170,Concept PATERNAL AUNT (WIFE OF FATHER'S OLDER BROTHER)
2171,Concept PATERNAL AUNT (WIFE OF FATHER'S YOUNGER BROTHER)
2172,Concept MATERNAL AUNT (WIFE OF MOTHER'S BROTHER)
2173,Concept PATERNAL UNCLE (FATHER'S OLDER BROTHER)
2174,Concept PATERNAL UNCLE (FATHER'S YOUNGER BROTHER)
2175,Concept PATERNAL AUNT
2176,Concept MATERNAL AUNT
2177,Concept MATERNAL GRANDMOTHER
2178,Concept MATERNAL GRANDFATHER
2182,Concept LEFT HAND
2183,Concept RIGHT HAND
2184,Concept CATCH A COLD
2186,Concept DRAGON BOAT FESTIVAL
2187,Concept MID-AUTUMN FESTIVAL
2188,Concept NEW YEAR'S EVE
2190,Concept TASTE
2191,Concept LOW (HEIGHT)
2194,Concept FRONT (PART)
2205,Concept PEAK
2209,Concept BECOME EXTINGUISHED
2214,Concept AFFAIR
2215,Concept BECOME ANGRY
2219,Concept LEAN (MEAT)
2223,Concept BE ANGRY
2224,Concept BEND (SOMETHING)
2229,Concept BECOME SOUR
2231,Concept CORRECT (SOMETHING OR SOMEBODY)
2235,Concept CLEAN (SOMETHING)
2238,Concept KNOW OR BE ABLE
2239,Concept DENSE
2240,Concept CORAL SNAKE
2241,Concept WILD CAT
2242,Concept BEETLE
2243,Concept REPAIR
2244,Concept METAL
2245,Concept BELCH
2246,Concept BELL
2247,Concept CATERPILLAR
2248,Concept KNOW (SOMEBODY)
2249,Concept THIN (OF SHAPE OF OBJECT)
2250,Concept LEAF (LEAFLIKE OBJECT)
2251,Concept BEER BANANA
2252,Concept PATH
2253,Concept DRIP (EMIT LIQUID)
2254,Concept FATHER-IN-LAW (OF WOMAN)
2255,Concept FATHER-IN-LAW (OF MAN)
2256,Concept MOTHER-IN-LAW (OF WOMAN)
2257,Concept MOTHER-IN-LAW (OF MAN)
2259,Concept FLESH
2260,Concept FEMALE (OF PERSON)
2261,Concept MALE (OF PERSON)
2262,Concept FEMALE (OF ANIMAL)
2263,Concept MALE (OF ANIMAL)
2264,Concept DAUGHTER-IN-LAW (OF WOMAN)
2265,Concept DAUGHTER-IN-LAW (OF MAN)
2266,Concept SON-IN-LAW (OF WOMAN)
2267,Concept SON-IN-LAW (OF MAN)
2270,Concept SAGO
2271,Concept THINK
2272,Concept HOT OR WARM
2273,Concept LEECH
2274,Concept YOUR (PLURAL)
2279,Concept NO OR NOT
2282,Concept SEA OR OCEAN
2297,Concept DUSK
2301,Concept ME
2306,Concept THIN (OF LEAF AND CLOTH)
2308,Concept THIN
2309,Concept LIVE
2310,Concept US (OBLIQUE CASE OF WE)
2314,Concept BROTHER-IN-LAW
2318,Concept CHESTNUT
2319,"Concept LID (COVER, CAP)"
2320,Concept MUTE PERSON
2321,Concept MAD PERSON
2322,Concept LAME PERSON
2323,Concept BACK (PART)
2324,Concept GET WET
2325,Concept PULL OUT
2327,Concept BECOME SICK
2328,Concept MISS (SOMEBODY)
2329,Concept LACK (NOT HAVE)
2330,Concept YEAR AFTER NEXT YEAR
2331,Concept YEAR BEFORE LAST YEAR
2332,Concept THREE DAYS FROM NOW
2334,Concept MELT
2335,Concept CUNNING
2336,Concept OF THIS KIND (SUCH)
2338,Concept HOW LONG
2340,Concept SUNNY
2341,Concept CLOUDY
2342,Concept LANDSCAPE
2343,Concept STEEL
2344,Concept PETROL
2345,Concept LEPORID (RABBIT OR HARE)
2346,Concept CRESTED MYNA
2347,Concept YELLOW CROAKER
2348,Concept CRAB
2350,Concept EARTHWORM
2351,Concept SILKWORM
2352,Concept DRAGONFLY
2353,Concept CICADA
2354,Concept CRICKET
2355,Concept GECKO
2359,Concept LOTUS
2361,Concept MUGWORT
2362,Concept BRAN
2363,Concept CHAFF (HUSK)
2364,Concept PEANUT
2365,Concept RADISH
2366,Concept ONION
2367,Concept MANDARINE
2368,Concept GARLIC
2370,Concept CUT NUT
2371,Concept BREADFRUIT
2372,Concept SAGO PALM
2373,Concept SKIN (OF FRUIT)
2374,Concept DREAM
2375,Concept VERTICAL
2376,Concept HORIZONTAL
2377,Concept FLASH (VERB)
2378,Concept THUNDER (VERB)
2379,Concept UP OR ABOVE
2393,Concept JOURNEY
2395,Concept CONGEAL (BLOOD)
2396,Concept KNOCK
2397,Concept LOBSTER
2398,Concept MANGO
2400,Concept THEIR
2401,Concept PICTURE
2406,Concept HOME
2408,Concept CAKE
2410,Concept GOOD-LOOKING
2422,Concept SOMEONE
2427,Concept FUTURE
2432,Concept MARRIAGE
2438,Concept CAIMAN
2444,Concept KINGFISHER
2445,Concept PAPAYA
2446,Concept SLOTH
2449,Concept FAT (OF MEAT AND FOOD)
2451,Concept FOURTEEN
2453,Concept SEVENTEEN
2454,Concept SIXTEEN
2455,Concept DREAMING OR DREAM
2456,Concept LARGE WILD HERBIVORE
2457,Concept PATH OR ROAD
2458,Concept PERSPIRE OR SWEAT
2459,Concept GRINDSTONE
2461,Concept WOLF-LIKE ANIMAL
2462,Concept WINNOWING
2463,Concept MOON OR MONTH
2464,Concept LAY EGGS
2466,Concept WEIGHT
2467,Concept GAME
2468,Concept BAG
2470,Concept DEAR
2480,Concept MALE DOG
2481,Concept FEMALE DOG
2482,Concept TOGETHER
2483,Concept COLD (OF WEATHER)
2485,Concept HIDE (ONESELF)
2486,Concept HIDE
2487,Concept MALE PIG
2489,Concept ABACUS
2492,Concept BOIL (SOMETHING)
2493,Concept BOIL
2494,Concept BAMBOO SHOOT
2497,Concept RATTAN
2500,Concept GINGER
2501,Concept RICE HUSK
2502,Concept GONG
2504,Concept DIFFERENT
2506,Concept LOOSE
2509,Concept EXCHANGE
2510,Concept PORCUPINE
2513,Concept CHICKEN CHICK
2516,Concept WATER BUFFALO
2524,Concept JOY
2526,Concept POWER
2530,Concept SMART
2531,Concept BROAD
2537,Concept LENGTH
2539,Concept PIT (POTHOLE)
2540,Concept LIME (MATERIAL)
2546,Concept BORDER
2547,Concept CITY
2549,Concept VEHICLE
2551,Concept ORGANIC FAT OR OIL
2555,Concept OIL (FROM PLANTS)
2557,Concept PIG FAT
2558,Concept BREAK (CLEAVE)
2559,Concept FEEL (TACTUALLY)
2560,Concept PATERNAL GRANDFATHER
2567,Concept CAPON
2575,Concept DO OR MAKE
2576,Concept ALREADY
2578,Concept PENCIL
2579,Concept TOOTHBRUSH
2590,Concept HARMONICA
2591,Concept RHINOCEROS
2604,Concept NOOSE
2614,Concept SKIN (ANIMAL)
2615,Concept FLESH OR MEAT
2623,Concept FLAG
2628,Concept PLANT STEM
2630,Concept WHIP
2631,Concept WIRE
2634,Concept WE TWO
2635,Concept THEY TWO
2636,Concept WE TWO (EXCLUSIVE)
2637,Concept WE TWO (INCLUSIVE)
2638,Concept FISHING
2640,Concept LARVA
2642,Concept HE OR SHE
2643,Concept INK
2647,Concept CATTY (MASS UNIT)
2648,Concept HAIR (HEAD)
2653,Concept NET (FOR CATCHING)
2655,Concept JACKFRUIT
2658,Concept COAL
2664,Concept SCAB
2669,Concept POINT (WITH FINGER)
2676,Concept TWO HUNDRED
2677,Concept SPEARTHROWER
2680,Concept MACHETE
2683,Concept EAGLE OR HAWK
2684,Concept CAPRINE (GOAT OR SHEEP)
2685,Concept CARP (FISH)
2686,Concept CRUSTACEANS (PRAWNS OR SHRIMP)
2689,Concept LADDER OR STAIRS
2690,Concept UNCLE (HUSBAND OF FATHER'S SISTER)
2691,Concept PATERNAL AUNT (FATHER'S SISTER)
2692,Concept MATERNAL UNCLE (MOTHER'S BROTHER)
2693,Concept MATERNAL AUNT (MOTHER'S SISTER)
2694,Concept MATERNAL UNCLE (HUSBAND OF ONE'S MATERNAL AUNT)
2695,Concept SISTER-IN-LAW (OLDER BROTHER'S WIFE)
2696,Concept BROTHER-IN-LAW (OLDER SISTER'S HUSBAND)
2697,Concept BROTHER-IN-LAW (YOUNGER SISTER'S HUSBAND)
2698,Concept BROTHER-IN-LAW (HUSBAND'S OLDER BROTHER)
2699,Concept BROTHER-IN-LAW (HUSBAND'S YOUNGER BROTHER)
2700,Concept SISTER-IN-LAW (HUSBAND'S OLDER SISTER)
2701,Concept SISTER-IN-LAW (HUSBANDS YOUNGER SISTER)
2702,Concept GRANDSON (SON'S SON)
2703,Concept GRANDCHILD (DAUGHTER'S OFFSPRING)
2704,Concept FADE (LOOSE COLOR)
2705,Concept INHALE
2706,Concept GNAW
2708,Concept TALK
2709,Concept FLATTER
2710,Concept TAKE A PHOTO
2711,Concept TRANSPORT
2712,Concept GET DIZZY
2713,Concept HAVE A FEVER
2714,Concept HAVE DIARREA
2715,Concept DESPISE
2716,Concept BLAME (SOMEBODY)
2717,Concept STEEP
2718,Concept STRONG (OF DRINK)
2719,Concept FAT (OILY)
2720,Concept FISH (CLASSIFIER)
2721,Concept TREE (CLASSIFIER)
2722,Concept TUFT (CLASSIFIER)
2723,Concept BUD (CLASSIFIER)
2724,Concept CHAIN (CLASSIFIER)
2725,Concept PORTION (CLASSIFIER)
2726,Concept STALK (CLASSIFIER)
2727,Concept BOTTLE (CLASSIFIER)
2728,Concept MOUTHFUL (CLASSIFIER)
2729,Concept SHEET (CLASSIFIER)
2730,Concept HAT (CLASSIFIER)
2731,Concept NEEDLE (CLASSIFIER)
2732,Concept HOUSE (CLASSIFIER)
2733,Concept BRIDGE (CLASSIFIER)
2734,Concept DOOR (CLASSIFIER)
2735,Concept CAR (CLASSIFIER)
2736,Concept SHIP (CLASSIFIER)
2737,Concept AFFAIR (CLASSIFIER)
2738,Concept DEAL (CLASSIFIER)
2739,Concept WALK (CLASSIFIER)
2740,Concept BEAT (CLASSIFIER)
2741,Concept BIT (CLASSIFIER)
2742,Concept SUNNY DAY
2743,Concept CLOUDY DAY
2744,Concept PLUM BLOSSOM
2745,Concept APRICOT BLOSSOM
2746,Concept PEACH BLOSSOM
2748,Concept SWEET OLIVE FLOWER
2749,Concept UNHUSKED RICE
2750,Concept GLUTINOUS RICE
2751,Concept BY (PASSIVE MARKER)
2753,Concept UNTIL
2754,Concept TOWARDS
2755,Concept BUSY
2756,Concept IDLE
2757,Concept ANGULAR (SQUAREFORMED)
2758,Concept CAREFUL
2759,Concept RECOMMEND
2760,Concept MAKE A JOKE
2761,Concept BEND (ONESELF)
2762,Concept BLOCK (THE WAY)
2763,Concept CARRY HORIZONTALLY
2764,Concept CHICKEN NEST
2765,Concept CHERRY
2766,Concept WATERMELON
2767,Concept MEAT DISHES
2768,Concept LITCHI
2769,Concept PORK
2770,Concept JACKET
2771,Concept SHAWL
2772,Concept VEGETABLE KNIFE
2773,Concept FINGERTIP
2774,Concept LITTLE FINGER
2775,Concept FORENOON
2776,Concept WILD GOOSE
2777,Concept PIG TONGUE
2778,Concept PIG LIVER
2779,Concept CHICKEN EGG
2782,Concept FOOT (MEASURE)
2783,Concept SCALES (MEASURE INSTRUMENT)
2784,Concept CRUCIAN CARP
2785,Concept BIVALVIA (MUSSELS OR OYSTERS)
2788,Concept LADLE (WATER)
2795,Concept MOSQUITO NET
2796,Concept FISHING (WITH A HOOK)
2817,Concept EMU
2830,Concept OYSTERS
2837,Concept SWAN
2839,Concept WHITE MAN
2845,Concept SIZE (OF OBJECT)
2846,Concept MARCH
2847,Concept APRIL
2848,Concept MAY (MONTH)
2849,Concept JUNE
2850,Concept JULY
2851,Concept AUGUST
2852,Concept SEPTEMBER
2853,Concept OCTOBER
2854,Concept NOVEMBER
2855,Concept DECEMBER
2856,Concept CHANGE (SOMETHING)
2857,Concept CHANGE (BECOME DIFFERENT)
2858,Concept STREAM (FLOW CONTINUOUSLY)
2859,Concept SMOKE (EMIT SMOKE)
2860,Concept BOLT (MOVE IN HASTE)
2861,Concept BUDGE (ONESELF)
2862,Concept CONNECT
2863,Concept DASH (OF VEHICLE)
2864,Concept DECREASE
2865,Concept DIE (FROM ACCIDENT)
2866,Concept DROP (SOMETHING)
2867,Concept CALCULATE
2868,Concept DRIVE (CATTLE)
2869,Concept BOTHER (HARASS)
2870,Concept RECOGNIZE (SOMEBODY)
2871,Concept SWING (MOVEMENT)
2872,Concept IMPROVE (SOMETHING)
2873,Concept MOVE (AFFECT EMOTIONALLY)
2874,Concept MOVE (ONESELF)
2875,Concept RING (MAKE SOUND)
2876,Concept ROAR (OF SEA)
2877,Concept RUSTLE (OF LEAVES)
2879,Concept SOUND (OF INSTRUMENT OR VOICE)
2880,Concept HALT (STOP)
2881,Concept URGE (SOMEONE)
2882,Concept ADD
2883,Concept DISTURB
2884,Concept HANG
2885,Concept HERD (SOMETHING)
2886,Concept PRODUCE
2887,Concept THAW (DEW)
2888,Concept TINKLE
2889,Concept TWINKLE
2890,Concept WALK (TAKE A WALK)
2891,Concept TIE UP (TETHER)
2892,Concept MAKE ANGRY (ANNOY)
2893,Concept NOTICE (SOMETHING)
2894,Concept TUMBLE (FALL DOWN)
2896,Concept CAUSE TO (LET)
2897,Concept CHIME (ACTION)
2898,Concept CONVEY (A MESSAGE)
2899,Concept JOG (SOMETHING)
2900,Concept PROTECT
2901,Concept SWING (SOMETHING)
2902,Concept BRAWL (FIGHT)
2903,Concept CHAT (WITH SOMEBODY)
2904,Concept RINSE
2905,Concept KNIT
2906,Concept TRANSLATE
2907,Concept ROT
2908,Concept SINK (DISAPPEAR IN WATER)
2909,Concept PREPARE
2910,Concept BACK (DIRECTION)
2911,Concept BACKWARD
2912,Concept FORWARD
2914,Concept ONCE (IN THE PAST)
2915,Concept AT FIRST
2916,Concept INSTANTLY
2917,Concept NEXT TO
2918,Concept BECAUSE OF
2919,Concept STILL (CONTINUING)
2920,Concept SUDDENLY
2921,Concept THEN
2922,Concept AT THAT TIME
2923,Concept THITHER (THERE TO)
2924,Concept A LITTLE
2925,Concept HITHER (HERE TO)
2926,Concept HARDLY
2927,Concept FROM HERE
2928,Concept WHITHER (WHERE TO)
2929,Concept BENEFIT
2930,Concept BOSS
2931,Concept BUSINESS
2932,Concept COLD (CHILL)
2933,Concept CONVERSATION
2934,Concept CUCKOO
2935,Concept CURRENT (STREAM)
2936,Concept ELEVATION
2937,Concept FAIRY TALE
2938,Concept FLAVOR
2939,Concept FLOCK (OF ANIMALS)
2940,Concept GATE
2941,Concept HAPPINESS
2942,Concept HOARFROST
2943,Concept BUNDLE
2944,Concept CALL (APPEAL)
2945,Concept COUNT (QUANTITY)
2946,Concept CRADLE
2947,Concept DAMAGE (INJURY)
2948,Concept GAP (DISTANCE)
2949,Concept LAIR
2950,Concept MEANING
2951,Concept POUCH
2952,Concept SLAB
2953,Concept SLEEVE
2954,Concept SLICE
2955,Concept STATE (POLITICS)
2956,Concept TUBE
2957,Concept WARE
2958,Concept LAUGHTER
2959,Concept LEASH
2961,Concept MESSAGE
2962,Concept MOORLAND
2963,Concept NET
2964,Concept NEWS
2965,Concept PAW
2966,Concept PERCH (FISH)
2967,Concept PIKE (FISH)
2968,Concept REASON
2969,Concept RIBBON
2971,Concept SIN
2972,Concept SLEEP (STATE)
2973,Concept STRAP
2974,Concept SWARM (OF BIRDS)
2975,Concept THOUGHT
2976,Concept VIOLENCE
2977,Concept WORKER
2978,Concept DISTANCE
2979,Concept WALK (MANNER)
2980,Concept AREA
2981,Concept ITEM
2982,Concept GIFT
2983,Concept COMPANIONSHIP
2984,Concept HEAP
2985,Concept HEIGHT
2986,Concept CAMPFIRE
2987,Concept AMOUNT
2988,Concept PATTERN
2989,Concept FRINGE
2990,Concept SACK
2991,Concept SKI
2992,Concept TIP (OF OBJECT)
2993,Concept STROKE (OF PEN)
2994,Concept SUPPORT (OF OBJECT)
2995,Concept TONE (MUSIC)
2996,Concept WEALTH
2997,Concept COLORFUL
2998,Concept DAMP
2999,Concept EVERYWHERE
3000,Concept LIVING
3001,Concept POWERFUL
3002,Concept PRECIOUS
3003,Concept SOLID
3004,Concept FORMER
3005,Concept FAMILIAR
3006,Concept SPACE (AVAILABLE)
3007,Concept EUCALYPT
3008,Concept ECHIDNA
3009,Concept WHITE COCKATOO
3010,Concept WAGTAIL
3011,Concept GRUB
3012,Concept BANDICOOT
3013,Concept BLACK COCKATOO
3014,Concept BLACK DUCK
3015,Concept PATERNAL GRANDMOTHER
3016,Concept FIRE STICK
3017,Concept MONITOR LIZARD
3018,Concept NATIVE CAT
3019,Concept SAND HILL
3020,Concept BREAK (BREAKING)
3021,Concept BLUE TONGUED SKINK
3024,Concept BRIDE PRICE
3025,Concept BARN OR SHED
3026,Concept CONJUNCTIVITIS
3027,Concept COOKED CORN
3028,Concept GRAVEL
3029,Concept SUGAR PALM
3030,Concept LONTAR PALM
3031,Concept MORINGA TREE
3032,Concept STARFISH
3033,Concept SCARED
3036,Concept TREETOP
3037,Concept SAME-SEX OLDER SIBLING
3038,Concept SAME-SEX YOUNGER SIBLING
3039,Concept DIFFERENT-SEX OLDER SIBLING
3040,Concept DIFFERENT-SEX YOUNGER SIBLING
3044,Concept BOVINE
3046,Concept FODDER
3048,Concept MOUTH HARP
3049,Concept COURAGE
3050,Concept SEEDLING
3052,Concept ERHU
3053,Concept TIGHT
3054,Concept BEAR FRUIT
3055,Concept SWINDLE
3056,Concept ANIMAL (CLASSIFIER)
3057,Concept FLAIL
3058,Concept GRAZE
3059,Concept MALARIA
3060,Concept PHEASANT
3061,Concept PHLEGM
3062,Concept TURNIP
3063,Concept RAMIE
3064,Concept RUST
3065,Concept SADDLE
3066,Concept SCARF OR TURBAN
3067,Concept CLEAVER
3068,Concept COOL DOWN
3069,Concept FALSE
3070,Concept HOLD A MEETING
3071,Concept INSERT
3072,Concept MISPLACE
3073,Concept MANAGE
3074,Concept FIX
3075,Concept SLANTED
3076,Concept SLOPE
3077,Concept SWALLOW (BIRD)
3079,Concept HIGHLAND BARLEY
3080,Concept SPLIT OPEN
3081,Concept CROPS
3082,Concept MINCE (SOMETHING)
3089,Concept GIRAFFE
3137,Concept OAR
3155,Concept DIBBLE STICK
3161,Concept CHEW BETEL
3164,Concept ONE HUNDRED AND TWENTY THREE
3170,Concept BATHE (SOMEONE)
3174,Concept WAKE UP (SOMEONE)
3180,Concept SHOOT (WITH SLINGSHOT)
