uralex.name,glottocode,language
Proto-Uralic*,NA,NA
South Saami,sout2674,South Saami
Ume Saami,umes1235,Ume Saami
Pite Saami,pite1240,Pite Saami
North Saami,nort2671,North Saami
Inari Saami,inar1241,Inari Saami
Skolt Saami,skol1241,Skolt Saami
Kildin Saami,kild1236,Kildin Saami
Standard Finnish,finn1318,Finnish
Karelian Proper,kare1335,Karelian
Veps,veps1250,Veps
Ingrian,ingr1248,Ingrian
Western Votic,west2391,West Vod
Standard Estonian,esto1258,Estonian
VÃµro South Estonian,sout2679,South Estonian
Courland Livonian,west1760,Courland Livonian
Erzya,erzy1239,Erzya
Meadow Mari,east2328,Eastern Mari
Komi-Zyrian,komi1268,Komi-Zyrian
Komi-Permyak,komi1269,Komi-Permyak
Udmurt,udmu1245,Udmurt
Hungarian,hung1274,Hungarian
Sosva Mansi,nort2677,Sosva Mansi
Vakh-Vasyugan Khanty,fare1244,Vach-Vasjugan
Nganasan,ngan1291,Nganasan
Tundra Nenets,nene1249,Tundra Nenets
Selkup,selk1253,Selkup
