wals.code,glottocode
egn,enge1239
bnn,bann1247
ard,aran1237
ktk,afad1236
klw,kili1268
irx,iran1263
mnm,mana1295
non,noon1243
pil,pile1238
cav,cavi1250
koa,koas1236
ktu,nucl1297
tpr,tupu1244
sil,dars1235
nbk,natu1246
mra,mara1385
nmd,samo1303
cur,curr1243
arx,area1240
shs,shas1239
hix,hixk1239
tid,tido1248
lbu,lund1266
tkl,take1257
sgb,mani1235
avt,avat1244
knp,ngka1235
knb,badi1247
win,wint1259
swt,swat1243
mor,morm1235
wir,wira1265
teh,tehu1242
nya,nyaw1247
rag,hano1246
lug,lugb1240
tai,taha1241
tug,taha1241
sim,sime1241
baq,baur1253
sul,sulk1246
coa,coah1252
gok,goka1239
bhu,mund1320
mun,mund1320
slv,sout2959
ord,peri1253
ndo,ndon1254
pmn,nort2966
far,faro1244
ang,ango1254
atk,atak1252
kla,klao1243
idu,idum1241
mis,misk1235
tsi,nucl1649
sum,maya1285
mon,monn1252
cde,maqu1238
kui,kuii1252
kiu,kuii1253
moj,moha1256
grn,fare1241
ngg,nang1259
ngk,nang1259
rgn,nort2994
ijo,izon1238
tye,tyar1236
ngt,tang1336
khk,khak1248
tza,tzel1254
tzb,tzel1255
tzt,tzel1254
tze,tzel1253
saa,saaa1240
thd,thad1238
krb,gilb1244
dmi,dumi1241
gum,kumb1268
ctm,chit1248
cec,chic1271
krg,shon1251
ksa,east1472
oji,east2542
cpw,chip1241
urk,urub1250
isn,isna1241
max,maxa1247
oca,ocai1244
ilo,ilok1237
brk,beri1254
bbu,bara1361
wan,ngur1261
nyn,nyig1240
prh,pira1253
thu,thul1246
kmp,kuni1267
wiy,wiyo1248
lla,lamu1254
paa,paaa1242
amk,amar1274
sea,sout2859
cyg,cayu1261
lov,lave1248
yrm,yuru1243
snm,sanu1240
yuc,yuch1247
mwo,motl1237
cof,cofa1242
tpn,nort2959
dsh,dani1285
dab,nucl1683
otm,mezq1235
osm,quer1236
oix,ixte1237
ben,beng1280
bec,chit1275
shp,nort1527
smt,umat1237
chy,chay1248
kku,kork1243
hak,hakk1236
hyo,asho1236
ho,hooo1248
tbs,taba1259
tlo,tobe1252
ych,cent2127
yun,cent2127
ypk,cent2127
mij,miju1243
arw,nucl1235
arm,nucl1235
arz,nucl1235
kpw,east2341
oka,okan1243
gla,qaua1234
agc,cent2084
aso,sout2694
niu,niue1239
mig,miga1249
ggu,gure1255
mnx,manx1243
mlu,male1289
gay,gayo1244
ctc,cuic1234
krt,kara1474
gut,gour1243
grm,gour1243
nab,naba1256
hia,cari1279
skm,suku1261
yim,yima1243
fox,mesk1242
fin,finn1318
ndg,ndog1248
chw,west2650
jun,juan1238
knn,kinn1249
bgv,bagv1239
ung,ngar1284
pnr,enap1235
sup,supy1237
snh,sinh1246
mym,mala1464
nau,naur1243
moc,shek1244
til,till1254
tsn,tson1249
sme,siam1242
ykt,yaku1245
lnd,band1344
sao,saho1246
mmb,mbul1263
bku,mokp1239
puk,para1301
yuw,gami1243
gml,gami1243
crn,corn1251
nup,nupe1254
klh,kala1372
tru,trum1247
brw,west2397
bru,east2332
skn,guah1255
ghb,guah1255
woi,kama1365
dhr,dhar1247
rem,bond1245
lat,latv1249
kug,mand1415
mnd,mand1415
dok,ngom1268
nbe,ngom1268
mbe,mber1257
cyv,cayu1262
ane,anem1249
mnr,mand1442
nsy,assy1241
mav,mari1435
wyn,waya1269
der,dera1245
moh,moha1258
pnn,pang1290
bbw,gunw1252
zso,zulu1248
zno,zulu1248
zul,zulu1248
iri,iris1253
sio,sioo1240
chi,chim1301
kpo,ikpo1238
mou,moru1253
bub,bube1242
aar,aari1239
tsf,colo1256
kri,kari1255
myr,mats1244
msn,mais1250
cve,chua1250
pis,asue1235
sah,sahu1245
dob,dobe1238
usa,usan1239
zen,zena1248
bti,beto1236
ved,vedd1240
kgr,kagu1239
run,rung1258
kfe,koro1298
yli,angg1239
tao,tara1313
kya,kuku1273
cqt,chiq1248
lmg,lama1288
bhn,bahi1254
cog,cogu1240
tne,timn1235
kmt,kemt1242
mpu,mpur1239
hmb,huam1247
ysl,cent2128
jrn,juru1256
mhm,besi1244
qch,kich1262
dou,dout1240
olu,olut1240
cem,cemu1238
tld,tala1285
hlp,hava1248
tks,teke1280
vaf,vafs1240
tag,taga1270
qaw,qawa1238
dms,dima1251
blq,nucl1695
yah,yama1264
blk,bala1315
aly,alya1239
mny,marg1253
lon,loni1238
awn,awng1244
gil,gila1241
cla,clal1241
eml,emba1238
jeb,jebe1250
neh,neha1247
ntu,nene1249
nen,nene1249
crg,east2555
gua,para1311
bem,bemb1257
bna,jama1261
amx,anam1248
hil,hili1240
som,soma1255
lah,lahu1253
ass,assa1263
tbl,tabl1243
mba,mbaa1245
ogb,ogbi1239
for,fore1270
but,mong1330
awt,awtu1239
alw,alaw1244
nif,niua1240
ant,anga1290
mbt,mang1394
ura,urav1235
mss,sout2985
tbu,tebu1238
tgl,tsha1245
efi,efik1245
sba,sali1298
tsp,tami1289
tml,tami1289
luo,luok1236
awp,awac1239
tic,ticu1245
pec,pech1241
apc,mesc1238
apj,jica1244
nyr,nyan1301
sha,shan1277
muy,muyu1244
tmc,timu1245
twe,lowl1265
tce,cent2131
ppc,piap1246
dig,diga1241
lua,niel1243
chp,chip1261
bni,bini1246
jeh,jehh1245
wai,waiw1244
bhi,bhil1251
udm,udmu1245
nrm,naro1251
cmy,taba1266
chx,lowl1260
cho,high1242
ewo,ewon1239
tif,tifa1245
khl,turk1303
mbl,mbol1247
lim,limb1266
kij,kitj1240
iva,ivat1242
hnn,hanu1241
mya,maya1282
mks,maka1311
mmu,nege1240
min,mina1268
poc,poqo1253
pcm,poqo1253
sru,sela1259
bao,bona1250
guu,gugu1255
blu,luba1249
cil,luba1249
cua,cuaa1241
gah,alek1238
wry,wara1290
mzn,maza1291
cmx,como1259
mpo,myen1241
hpd,hupd1244
ysi,sire1246
goe,goem1240
sry,sira1267
wrb,warr1257
rwa,rawa1267
ngr,narr1259
tat,tata1257
wor,woro1255
lan,lang1324
pno,nort2954
bre,bret1244
mbz,mbee1250
amu,yane1238
fua,adam1253
fma,pula1263
fbf,west2454
fgo,adam1253
fgu,pula1262
fum,maas1239
fus,pula1263
fni,nige1253
ain,ainu1240
zay,zays1235
nnm,tuva1244
tvl,tuva1244
wsk,wask1241
mel,cent2101
doy,doya1240
ayw,ayiw1239
ga,gaaa1244
gun,nugu1242
koy,koya1251
kim,kima1246
irm,iris1253
ird,iris1253
had,hadz1240
dbd,tait1250
tng,tong1325
sik,sika1262
mru,maru1249
nep,nepa1252
pba,pima1248
snn,soni1259
jam,djam1255
kod,koda1255
arr,east2379
awe,west2441
amp,east2379
wuc,wuch1236
gwa,gbag1258
tan,nucl1696
tur,nucl1301
bun,tere1278
yar,yare1248
mrn,mara1404
goa,wayu1243
mcd,mace1250
chr,chra1242
ach,ache1246
obo,obol1243
yur,yuro1248
bya,byan1241
ma,made1252
lrd,lard1243
kab,kaba1278
twn,nort1550
tak,taki1248
awa,awap1236
kad,katc1249
nat,natc1249
ory,orya1242
iba,iban1264
cld,chal1275
ykp,yukp1241
tnl,lowe1425
chm,cham1309
uru,uruu1244
msh,mars1254
boa,kuni1265
apu,apur1254
kma,kama1373
ksh,kash1280
tiv,tivv1240
snt,nucl1632
lag,lagw1237
bnj,band1339
gid,band1339
byu,band1339
bca,band1339
bwa,band1339
nng,nyan1304
dhm,dhim1246
bys,bais1246
lha,laha1250
blc,east2304
ser,seri1257
igb,nucl1417
see,taro1264
biq,sara1326
lac,laca1243
brf,tari1263
khv,khva1239
poh,pohn1238
len,lena1238
kmo,moun1252
boq,damu1236
boj,damu1236
gal,damu1236
mil,damu1236
bum,tean1237
ayi,anyi1245
atc,urip1239
pga,pila1245
nit,diti1235
kmr,kamo1255
sug,assa1269
mgo,mong1338
tsg,taus1251
kwo,kwom1262
lui,luis1253
tgk,tiga1245
nun,nung1283
ano,nung1282
tmg,tama1336
shm,sham1280
mgu,musg1254
mkl,makl1246
tbe,tigr1270
tgr,tigr1270
wel,wels1247
err,siee1239
srr,serr1255
sae,saek1240
die,kumi1248
tja,kumi1248
kni,konn1242
mcc,moch1259
nua,nuau1240
bsk,bash1264
chc,chec1245
jpr,japr1238
amo,amoo1242
aze,sout2697
azi,sout2697
wat,waja1257
kok,kokb1239
grb,barc1235
kwa,kwai1243
eud,opat1246
kti,yong1280
nan,nand1266
pai,paiw1248
ess,esse1238
sro,siro1249
can,cand1248
hal,hali1244
mkr,arua1260
wao,waor1240
sbg,bala1311
say,sayu1241
brs,bara1380
bfd,biaf1240
kio,kiow1266
trn,tere1279
tst,tsat1238
muu,mund1330
sng,sina1266
ram,rama1270
pta,dumb1241
wog,woga1249
djn,djin1253
xok,xokl1240
mea,meya1236
tof,kara1462
loz,lozi1239
cnt,yuec1235
cwe,colu1241
hno,nort2938
hai,haid1248
nhh,huas1257
nhm,mich1245
nhn,nort2957
nht,tete1251
nmp,None
nmi,isth1242
nhu,None
npa,isth1241
nsz,high1278
nhx,guer1241
nhp,poch1244
nhc,cent2132
emb,nort2972
chl,uppe1439
yal,kosa1249
mro,moro1285
kik,kiku1240
mme,east2328
mah,west2392
ing,ingu1240
man,mann1248
gus,gusi1247
pen,peng1244
toj,tojo1241
msy,west2418
mag,east2352
jug,tase1235
lun,tase1235
pia,piar1243
geo,nucl1302
agr,agua1253
cch,choc1279
nev,toho1245
ood,toho1245
kat,kate1253
tnn,tune1261
iir,papu1250
inj,indo1316
ind,indo1316
gji,guri1247
yns,yans1239
san,sang1328
mao,maor1246
nkn,nkon1245
mtu,motu1246
ika,arhu1242
cul,culi1244
bki,baka1277
obg,ogbr1243
tmk,tuma1260
cin,ines1240
cba,barb1263
tlf,tele1256
jlu,luwo1239
pnu,youn1235
amz,guer1243
dam,mala1522
fur,furr1244
bir,bero1242
kdg,kari1317
gmb,guam1248
jwr,jama1261
jmm,jama1261
lit,lith1251
yei,yeii1239
wrl,warl1254
ice,icel1247
haw,hawa1245
mac,macu1259
tnk,tung1290
taz,taly1247
tls,taly1247
nha,nhan1238
nze,zeme1240
crj,cari1279
umu,cari1279
kyo,kany1247
yng,ying1247
agm,anga1287
mdu,mund1326
det,shua1254
mko,muku1242
tts,take1255
sra,sran1240
yay,bouy1240
cma,chim1309
ale,aleu1260
aea,aleu1260
mot,siwa1245
mrk,muri1260
clc,cola1237
bar,bari1284
kuk,bari1284
bgr,furu1242
ets,yekh1238
awy,awyi1241
vep,veps1250
daa,daak1235
kli,ledo1238
rut,rutu1240
yqy,yaqa1246
one,molm1235
mad,madi1260
wol,wole1240
lmn,lamb1269
eng,stan1293
hol,holo1240
cyn,chey1247
kyg,keny1279
amh,amha1245
htc,huas1242
isa,kris1246
mhc,mohe1244
ebi,ebir1243
wam,wamb1258
bet,dalo1238
new,newa1246
nwd,newa1246
rng,reng1252
tla,kuan1248
qay,ayac1239
mcs,cent2140
bon,bong1291
tmn,nucl1339
wll,wall1257
lin,ling1263
cha,cham1312
fut,futu1245
tbt,toba1266
nvs,gily1242
niv,gily1242
coc,coca1259
teo,teop1238
nne,neng1238
ill,miam1252
wik,yoku1256
ywl,yoku1256
hnk,hinu1240
toa,toar1246
oi,oyyy1238
afr,afri1274
fre,stan1290
moo,moss1236
xas,xaas1235
ava,avar1256
mxa,atat1238
mxc,sanm1295
mxj,pino1237
mxo,ocot1243
mxp,peno1244
mxy,yoso1239
mxt,ayut1236
mxz,coat1241
mja,jami1235
mxm,sanm1295
mxu,chay1249
mjc,sanj1281
mxl,alac1244
tuk,tuka1248
guj,guja1252
pwn,pawn1254
por,port1283
anj,anei1239
kor,kore1280
lus,lush1252
gav,gavi1246
cub,cube1242
oko,adiv1239
oya,nucl1284
apl,apal1257
dhb,baya1257
mkb,coas1301
hei,heil1246
sue,suen1241
krr,kair1263
bnm,binu1245
cga,moch1256
poa,fwai1237
tol,toll1241
ukr,ukra1253
hwr,gura1251
prt,pira1254
gir,gula1265
kha,halh1238
bul,bulg1262
iwm,iwam1256
hat,hata1243
ymi,yami1254
zim,zima1244
xho,xhos1239
yak,yaka1269
lil,lill1248
luc,luch1239
wrd,ward1246
cop,copt1239
big,yulu1243
yul,yulu1243
brj,burj1242
sva,svan1243
kly,kala1377
iaa,iaai1238
sri,siri1274
pok,rawo1244
ndi,sout2784
ygd,diii1241
gnn,kwin1241
kln,wers1238
hlu,halk1245
cay,chac1249
nal,nali1244
aiz,apro1235
apk,apuc1241
tmp,tamp1252
lar,lara1258
pat,pate1247
wth,wath1238
hmi,mini1256
deg,dege1246
igs,gaam1241
ao,aona1235
cam,cams1241
kyn,koyu1237
pau,paum1247
mgd,mong1342
hsl,hais1244
tnt,tont1239
zqc,copa1236
zqo,copa1236
zfl,fran1266
zqr,rayo1235
zch,chim1300
ama,amar1272
pip,pipi1250
srl,lowe1385
koi,gras1249
sub,subi1246
mde,mend1266
kyl,east2342
wal,valm1241
yaw,nucl1454
mhi,mara1378
god,ghod1238
slb,sali1295
nku,kenu1236
nbd,kenu1236
gud,gude1246
cab,cabe1245
kap,kela1255
mar,mari1440
svk,slov1269
shu,shus1248
mrr,mari1419
oku,okuu1243
ahs,hass1238
awi,aeky1238
atq,paci1278
emc,embe1262
mam,mamm1241
tsh,pana1305
swr,shos1248
sho,shos1248
que,quec1382
mov,movi1243
mgg,tuuu1240
ahu,aghu1255
tsz,dido1241
bbf,sout2840
arb,arab1268
svc,kash1274
ksu,kash1274
tlp,acat1239
tul,tulu1258
thy,thay1249
shk,ship1254
tam,east2347
sam,samo1305
moe,erzy1239
luy,saam1283
ndu,ndum1239
djp,dhuw1249
gmt,guma1253
dda,dhuw1249
gmz,gumu1244
mbi,bamb1266
hre,hree1244
ngn,ngan1295
bpb,bahn1262
mdn,mand1446
ign,igna1246
sob,sobe1238
ari,arib1241
rim,nyat1246
jbt,djeo1235
wet,luan1263
slo,slov1268
ghr,gahr1239
ats,atsu1245
agw,alag1248
unm,unam1242
mwl,lake1258
tsw,tswa1253
ntj,ngaa1240
wdo,pitj1243
sor,sora1254
mup,mwag1236
gnd,gaan1243
ntn,nate1242
epe,epen1239
dmk,doma1260
lul,lule1238
ckl,chin1286
buw,bulu1251
ppi,pitt1247
msm,muso1238
ykm,yako1252
sti,stie1250
pol,poli1260
nin,ning1273
kom,komo1258
ady,adyg1241
adt,adyg1241
ash,adyg1241
bil,bilu1245
tin,tiri1258
bat,bata1301
jrw,jara1245
sis,baba1268
wag,wage1238
klz,kala1384
cuu,chuu1238
uby,ubyk1235
sno,nort2671
baj,indo1317
kkn,konk1267
nnt,nant1249
ngz,ngiz1242
evn,even1260
abk,abkh1244
bdk,budu1248
tda,toda1252
kji,nort2641
kbl,kaby1243
hmr,hame1242
so,sooo1256
ymd,yamd1240
mtk,matu1261
shb,shab1252
wur,waur1244
sec,seco1241
wps,wapi1253
bit,biat1246
chg,chan1313
trw,torw1241
hun,hung1274
mse,muns1251
kus,kusu1250
rao,raoo1244
sdh,sind1272
tar,tari1256
bbm,bamb1270
lns,lamn1239
brh,brah1256
krm,kara1464
kaq,kaur1267
dca,casi1235
ras,tega1236
ori,tega1236
lga,onto1237
tkm,turk1304
mdb,mudb1240
wrw,warr1258
trt,tern1247
dha,daas1238
miz,lush1249
kyk,kyak1244
ena,enga1252
abm,alab1237
cct,choc1276
cmh,utes1238
kot,kota1263
bdg,bada1257
brn,buru1320
klv,kili1267
irr,irar1238
mmv,mamv1243
mrq,nort2845
tgh,taha1241
aht,ahte1237
kkb,konk1269
dio,jola1263
mwn,nort2968
ruk,ruka1240
ark,arak1252
ktl,katl1237
tup,None
yap,yape1248
ono,onoo1246
sta,dong1285
cso,west2644
cya,west2644
ctt,tata1258
cht,nopa1235
map,mapu1245
mab,maba1277
grj,huar1255
cup,cupe1243
boi,boik1241
yrr,pume1238
nah,niha1238
kmu,khmu1256
lot,loth1237
prs,west2369
maz,maza1293
dyu,dyul1238
pad,pado1242
iau,iauu1242
kby,kabi1261
mau,maun1240
ik,ikkk1242
rus,russ1263
wnb,hoch1243
swa,swah1253
mop,mopa1243
tht,tehi1237
tah,tahi1242
nor,norw1259
ksr,kisa1266
bsm,bisl1239
hin,hind1269
bkr,bata1293
thk,thak1245
tnd,tind1238
snc,sene1264
bch,tach1249
ngu,nort2836
maw,west2500
mnk,east2426
wrn,wand1263
cro,crow1244
ble,baou1238
aga,agar1252
gds,gads1258
rsh,shug1248
baf,bafu1246
kiq,kalm1243
kmk,kalm1243
mnc,manc1252
beg,idaa1241
hya,haya1250
sko,nucl1634
kwb,nucl1595
mal,plat1254
res,resi1247
khi,khin1240
ldn,ladi1250
laz,lazz1240
bae,bare1276
plr,palo1243
ttn,tetu1245
acl,acol1236
lho,lhom1239
skk,sikk1242
nnd,nend1239
asu,toca1235
akw,akaw1239
klm,klam1254
mir,miri1266
tns,sout2869
wer,weri1253
kam,kamb1299
mom,nucl1452
prc,pare1272
all,lala1268
yaz,yazg1240
ccm,coma1246
cle,leal1235
cpl,pala1351
chq,quio1240
csc,soch1239
cte,tepe1279
csf,usil1237
ndt,ndut1239
bus,busa1253
mpa,murr1258
awk,pong1250
kae,kaki1249
kgi,wame1240
wra,wara1303
apw,west2615
bas,basa1284
jak,popt1235
aym,cent2142
bvi,unea1237
hup,hupa1239
twa,twan1247
wap,wapp1239
taf,sapo1253
sin,sion1247
ong,onge1236
gmw,guma1254
nmb,sout2994
eny,enya1247
cjo,chic1272
krq,kere1280
miy,miya1266
ish,sang1236
mas,masa1322
tuv,tuvi1240
knw,nort2951
tho,thom1243
svs,savo1255
omi,omie1241
fye,fyam1238
try,tiru1241
bsh,bush1247
baa,bara1377
kmb,ndei1235
bez,bezh1248
phl,pwon1235
sur,surs1246
orl,orok1267
jia,jiar1239
rsu,roma1326
rsm,roma1326
rsc,roma1326
rmc,roma1326
juh,juho1239
xun,kung1261
ngd,ngad1261
tpt,tapi1253
sge,song1303
lkk,lakk1238
kjn,kunj1245
fas,fasu1242
bor,bora1263
cmr,mara1382
naj,lish1245
naa,chal1275
nap,lish1246
amn,aman1265
dma,duma1253
mem,mane1266
blz,bala1300
brm,nucl1310
tec,tekt1235
lou,louu1245
bse,cent2194
bma,cent2194
yct,yuca1254
mti,bari1297
coe,coeu1236
tep,tlac1235
kkp,kara1467
dni,lowe1415
gyb,guay1257
oss,osse1243
bga,beng1282
bia,bila1255
tmr,temi1246
frd,ford1242
kei,keii1239
kyp,kaya1330
khu,khum1248
tbr,taba1263
bto,bata1289
mdr,nucl1460
tga,tang1348
ktc,katc1249
ywr,yawu1244
frw,west2354
fno,nort2626
fea,east2288
fri,east2288
bmr,buru1306
cap,capa1241
yag,yagu1244
tmm,malo1243
gdk,pott1240
squ,squa1248
kbw,bwek1238
kay,kaya1319
cic,nyan1308
wmu,wikm1247
taj,taji1245
ksm,kase1253
xoo,xooo1239
her,here1253
mke,meke1243
suk,suki1245
zqs,high1276
yil,yill1241
chk,chuk1273
fiw,west2519
fij,fiji1243
dyi,dyir1250
bii,biri1256
cme,east2563
jom,talo1250
bal,bali1278
knk,dera1248
bam,bamb1269
mds,mala1481
ktp,mala1479
myk,mala1479
kuy,teng1267
mly,stan1306
nnn,nort2784
sod,kist1241
ixi,ixil1251
mdz,mada1282
hav,hava1248
tik,tika1246
sun,sund1252
lml,nucl1327
yel,yele1255
kwn,kwan1273
nge,ngem1255
mbu,mana1298
thw,thao1240
kwr,kwam1252
rmb,remb1249
mri,moro1289
bdc,berb1259
aji,ajie1238
pag,pagu1249
khw,khow1242
mnt,ment1249
nde,nand1264
mos,mose1249
kpe,libe1247
ore,orej1242
iso,isok1239
muo,muon1246
src,sars1236
ndy,ndyu1242
kaz,kaza1248
tow,sout2797
tou,tusi1238
hay,wayu1241
ron,ronn1241
rnd,rund1242
mlt,malt1254
dua,dual1243
cad,cadd1256
xam,xamm1241
izi,izie1238
sir,siar1238
noo,noon1242
blr,bela1254
bnw,bani1255
wak,wakh1245
beo,beot1247
gur,guru1261
als,alse1251
yrc,yura1255
nkk,naka1260
osa,osag1243
amr,moro1292
atu,tuni1259
ael,liby1240
abb,chad1249
arn,chad1249
pak,paka1251
scs,sout2674
gdr,gida1247
chv,chuv1255
mby,mbay1241
gbk,nort2775
gbb,gbay1287
mdo,gbay1281
neg,negi1245
duk,huns1239
tgw,west2538
bco,bell1243
ban,bana1305
bka,baka1274
bak,baka1272
sol,even1259
tub,tuba1279
kwz,kwaz1243
kek,kekc1242
zhn,guib1245
tnc,tana1290
dag,daga1275
adi,adio1239
fon,fonn1241
bua,bura1267
aul,aulu1238
rot,rotu1241
tmu,musl1236
bsr,bass1258
mwp,plai1259
tbb,tuba1278
yba,yamb1251
mno,mono1275
moa,mono1273
plh,paul1238
slr,sala1264
yid,yidi1250
knu,rapo1238
shi,nina1238
ctl,stan1289
gna,guan1268
siu,sius1254
aml,east2443
mut,sout2986
lis,lisu1250
mcg,maca1259
mdl,madn1237
coi,chor1273
cku,wasc1239
bin,bina1277
har,haru1245
udh,udih1248
car,gali1262
ren,rend1243
cln,chol1284
ewa,ewee1241
ewe,ewee1241
acn,acha1249
bgl,bugl1243
ayo,None
yms,yems1235
kss,sout2778
kis,kiss1245
itz,itza1241
han,hani1248
zha,jang1254
mak,maka1318
hok,minn1241
chz,minn1241
tuy,tuyu1244
gaa,gaga1251
mmw,mamb1296
ald,alla1248
tki,tuki1240
kut,kute1249
tor,rata1244
bnr,ngar1235
ngy,ngar1235
toy,None
tsm,None
meh,mehr1241
hrs,hars1241
bth,bath1244
jib,sheh1240
soq,soqo1240
lgi,lang1320
may,maib1239
kmj,kara1483
biu,bisu1246
zap,mitl1236
zsq,sanj1284
zai,isth1244
zya,yatz1235
zaq,sant1451
zzo,zoog1238
zaj,sier1250
zam,mixt1426
zpi,sout3005
zte,texm1235
muh,seba1251
pra,pras1239
tet,tete1250
day,dayy1236
bmb,bimo1239
pal,pala1344
urn,urar1246
rum,rumu1243
ksp,kimm1246
irq,iraq1241
trr,nort2920
toz,tong1318
mrt,mart1255
nob,nobi1240
qui,quil1240
izh,ingr1248
diz,dizi1235
kob,kobo1249
kaj,kaur1271
tmo,tibe1272
tod,stod1241
tis,tibe1272
tib,tibe1272
oir,kalm1243
tna,turk1308
yaq,yaqu1251
stl,sant1410
giz,maro1246
nar,nara1262
nza,nzak1247
crt,chor1274
kpn,kapi1249
hma,hmar1241
mrd,nucl1622
yor,yoru1245
sar,kapr1245
guq,cari1279
bee,beem1239
avo,avok1242
kdw,kadi1248
urh,urho1239
ork,orok1265
nia,nias1242
swv,swed1254
swe,swed1254
tnj,tana1289
orc,oroc1248
bla,siks1238
nel,kuma1276
kem,qima1242
kms,kama1351
tuc,tuca1252
sgl,seng1278
tas,tach1250
eip,eipo1242
cpn,chep1245
dhw,thur1254
bzi,bauz1241
vag,vagl1239
ocu,atzi1235
bag,bagi1246
idn,idun1242
psm,male1292
heh,hehe1240
plk,pali1279
api,apin1244
ria,rian1263
klk,kuoo1238
kxo,kxoe1243
pso,sout2982
lel,lele1276
lgt,logo1259
dri,dari1249
bkd,binu1244
acm,achu1247
abz,abaz1241
cbo,chac1251
any,anua1242
ata,atay1247
akl,akla1241
rtk,roto1249
kje,kore1283
kak,kama1370
tgo,tsog1243
mwb,west2555
mga,ndun1249
tsr,taus1253
lda,gand1255
pow,powh1243
kaw,kaiw1246
mnv,mina1269
nkr,nuku1260
pre,asut1235
che,cher1273
msk,ngil1242
isi,isir1237
pdp,folo1238
kou,komc1235
wrs,wari1266
nak,naka1262
coo,coos1249
kal,kala1373
jpn,nucl1643
lep,lepc1244
drg,darg1241
ayr,ayor1240
ror,waim1251
tir,trio1238
tzs,tzot1260
tzz,tzot1264
tzo,tzot1259
grt,goro1259
tha,thai1261
onn,onon1246
goo,goon1238
esm,atac1235
cnm,kana1291
kkw,kara1289
dbw,dann1241
dan,dann1241
aco,west2632
hln,hala1252
mki,mika1239
mtt,wamp1249
jad,tibe1272
wtm,wata1253
pir,yine1238
swi,sawa1247
nue,nuer1246
pna,pamo1252
bno,waim1255
wnt,want1252
bho,bhoj1244
akk,akak1252
mic,mikm1235
atm,kunz1244
ngl,ngal1293
wob,weno1238
lmh,lama1277
brr,boro1282
krc,kara1465
mid,mido1240
els,else1239
amq,amba1265
mud,mund1327
nga,ngan1291
ycn,yucu1253
ter,tera1251
nbr,ngab1239
lob,lobi1245
way,waya1270
ora,emai1241
olm,ngaj1237
kry,kory1246
klb,huba1236
dgi,indo1311
cre,plai1258
mgh,maga1260
tgp,sawi1256
kel,kele1258
agu,agua1252
bur,buru1296
oks,oksa1245
tum,tuml1238
ina,suab1238
yny,yany1243
sgr,sang1336
gku,puel1244
nma,maon1238
rga,rong1268
lye,lyel1241
pme,east2545
cut,cuit1236
tap,taia1239
bob,bang1354
nad,nade1244
hid,hida1246
tzu,tzut1248
yin,yind1247
cly,chul1246
pem,pemo1248
yan,yana1271
juk,juku1254
kbu,kane1243
anx,andi1255
acu,achu1248
uku,uppe1438
wic,wich1260
nav,nava1243
knm,kuna1268
nkt,nyah1250
sed,seda1262
shl,shil1265
krl,kare1335
tse,uabm1237
jcr,jama1262
tau,tauy1241
nyl,nyal1254
shh,shar1245
kbo,apma1241
cri,crim1257
myi,mang1381
fio,koon1244
kon,koon1244
gap,gapa1238
gnb,kunb1251
obk,obok1239
wgl,waig1243
dul,drun1238
ibi,ibib1240
sud,sude1239
kau,kaul1240
hum,muru1274
bsi,siwi1239
hhu,hang1263
mua,makh1264
xar,xara1244
lau,lauu1247
mkg,mand1436
mdk,mand1436
buj,kwas1243
crp,cara1272
tes,teso1249
aci,achi1256
bsq,basq1248
bqb,basq1248
bqg,basq1248
bqh,basq1248
bql,basq1248
bqn,basq1248
bqo,basq1248
bqr,basq1248
bqs,basq1248
bso,basq1250
bqz,basq1248
bqi,basq1248
mgn,magu1243
akc,akac1240
gcy,mode1248
grk,mode1248
wed,weda1241
mer,meri1244
des,desa1247
mok,moki1238
png,pang1287
ldo,orok1266
est,esto1258
kre,gbay1288
abi,abip1241
kte,kete1252
akr,arik1262
pan,panj1256
jem,jeme1245
mtl,matt1238
lai,haka1240
ttu,bats1242
mhk,mehe1243
dts,toro1252
dds,donn1238
koo,kola1285
dja,dyaa1242
taw,tawa1275
mrw,muru1266
agt,leni1238
ven,vend1245
kai,kaia1245
gol,gola1255
tni,tina1246
lmb,lamb1271
tiw,tiwi1244
akh,akha1245
cah,cahu1264
ken,keng1240
dga,sout2789
lu,luuu1242
grr,gara1269
kyq,nuuc1236
nuu,noot1239
srm,sara1340
oma,omag1248
bnk,bank1256
wlm,walm1241
ber,bert1248
blt,balt1258
prk,puri1258
gdi,godi1239
dun,duna1248
mmp,mamp1244
qim,imba1240
qhu,huam1248
qec,chim1302
ret,tani1257
agl,aghu1253
bgo,bong1285
kga,nucl1379
alu,alut1245
dgx,dege1248
otr,otor1240
lnw,lonw1238
nkb,ngal1292
dug,gaww1239
jmo,jurm1239
pog,pogo1243
olo,oloo1241
wrk,guar1293
kun,bord1248
stn,pedi1238
bnd,band1352
knr,cent2050
ila,ilaa1246
gar,garo1247
kse,koyr1242
kch,koyr1240
toq,toab1237
mrg,marg1265
mda,mada1293
yir,yiry1247
zun,zuni1245
lez,lezg1247
dgb,dagb1246
qaf,afar1241
auy,awiy1238
usr,usar1243
nax,naxi1245
alb,gheg1238
dim,dime1235
cmc,come1251
url,urak1238
mco,coat1238
mth,tlah1239
mtp,toto1305
dhi,dhiv1236
paw,pawa1255
sal,sali1253
mkn,mank1251
krf,kora1294
nis,nyis1236
mle,male1284
kpm,pamp1243
grs,garu1246
adn,adny1235
kzh,nort2735
don,sout2741
mwe,mwer1248
kho,nama1264
bkt,brok1247
sav,savi1242
sna,shin1264
sht,shat1244
mng,mang1405
crh,chru1239
yta,noga1249
tlb,noga1249
nok,noga1249
nog,noga1249
jah,jeha1242
rwe,wels1246
rka,vlax1238
rav,balk1252
rnr,balt1257
rbu,balk1252
rlo,vlax1238
rbg,sint1235
rse,None
nnk,nank1250
cas,cash1251
lur,nort2645
kgu,kalk1246
uyg,uigh1240
mit,mitu1240
hwc,hawa1247
gro,guro1248
maa,masa1300
nro,naro1249
ktz,kati1270
crk,cree1270
khg,khal1275
mta,buka1257
anc,ngas1240
eya,eyak1241
rru,nyor1246
iwa,iwai1244
hrr,hara1271
yes,yess1239
tab,east2440
mgl,ming1252
pkm,poqo1254
slp,sele1250
ddf,darf1239
trd,tora1261
kil,luba1250
gll,gale1259
cze,czec1258
pot,pota1247
wya,wyan1247
psh,cent1973
mcn,macu1260
kuv,kuvi1243
raw,rawa1265
ngb,ngba1285
ttb,tata1255
tmi,tata1255
tvo,tata1255
lao,laoo1244
ute,utes1238
put,utes1238
lma,loma1260
trg,tewa1260
tsj,tewa1260
tew,tewa1260
vat,lako1244
def,defa1248
mcv,moco1246
sel,onaa1245
pam,cent2145
kjr,koor1239
ssa,west2465
lch,lach1248
ton,tonk1249
skw,shek1243
srd,camp1261
koh,kohu1244
wbn,wamb1259
bgs,baga1272
diy,dier1241
vai,vaii1241
seb,kups1238
mku,mara1386
rov,rovi1238
nez,nezp1238
gog,gogo1265
dad,dadi1250
ful,fuln1247
hoa,hoav1238
khs,khas1269
kfy,kirg1245
kgz,kirg1245
ckh,chek1238
kie,kire1240
ccp,coco1261
nju,nyun1247
awd,awad1243
kef,kafa1242
kow,winy1241
omh,omah1247
mto,kuma1274
tob,toba1269
shr,shor1247
krz,kryt1240
bol,boli1255
nto,ntom1248
jaq,jaqa1244
shn,shon1251
oro,orok1269
abn,arab1267
kas,kash1277
lok,loko1255
mug,barg1252
dhu,dhur1239
edo,edol1239
tll,taul1251
koe,kweg1241
rik,rikb1245
jab,yabe1254
pop,mezo1235
psj,sanj1285
psv,coyo1236
bnb,buna1275
lgu,long1395
ath,athp1241
kwe,west2635
kea,qanj1241
tso,tsou1248
grw,kala1399
gre,kala1399
gso,kala1399
smj,sema1266
ylm,yelm1242
alk,arop1243
pms,paam1238
buy,buli1254
bui,buli1255
gue,guer1240
mkd,mako1251
tig,tigr1271
eja,ejag1239
sre,koho1244
plb,pola1255
yzv,komi1268
kzy,komi1268
noc,noct1238
wrm,ware1253
blx,bilo1248
mof,mofu1248
adz,adze1240
bac,wadj1254
trc,chic1273
tri,copa1237
ski,kild1236
krn,kora1292
chh,seba1251
spc,stan1288
ast,astu1245
spa,stan1288
gag,gaga1249
kar,kara1482
kra,kara1486
shy,east2337
kmn,kuma1280
gln,goli1247
tba,sina1271
zan,zand1248
bud,budu1265
shw,shaw1249
kir,cerm1238
itw,itaw1240
wwy,wara1300
mai,mait1250
dym,djim1235
gae,scot1245
sab,saba1265
bik,biak1248
tua,tuam1242
msc,chib1270
tem,temm1241
hnd,hund1239
wrg,warr1255
kur,kuru1302
hui,huic1243
pur,pure1242
zaz,diml1238
msl,nucl1440
pac,paco1243
mpr,maip1246
boz,tiey1235
nbo,nyam1277
ame,amel1241
cax,asha1243
yrt,yuru1263
djr,jaru1254
mlm,mlab1235
trb,teri1250
drm,darm1243
war,wari1268
ene,enet1250
cac,cacu1241
kos,kosr1238
kta,koit1244
nai,nana1257
iqu,iqui1243
gdb,bodo1267
tgb,tagb1258
tpi,tokp1240
mrh,mari1424
mgi,mail1248
gpz,swis1247
gba,bava1246
gbl,stan1295
gbe,swis1247
gha,stan1295
gma,stan1295
gos,swis1247
grp,kols1241
gth,stan1295
gti,stan1295
gau,bava1246
gwe,west2356
gzu,swis1247
gvi,bava1246
gtg,swis1247
ger,stan1295
mee,meen1242
cvc,chav1241
pui,puin1248
bnl,bang1339
leb,ngel1238
tun,tuni1252
sgu,sang1333
ktn,kete1254
mpy,mapo1246
knq,krio1252
sml,seme1247
abo,arbo1245
nyi,amas1236
nag,yale1246
guh,guhu1244
deu,deor1238
per,pero1241
gno,guan1269
chb,cham1313
bos,bosn1245
scr,sout1528
mul,mula1253
kky,kank1243
grg,gura1252
mla,came1252
mbo,nucl1458
chu,niva1238
cum,chum1261
myn,maan1238
nym,nyam1276
bis,biss1248
kna,kari1311
tim,timu1262
kyr,kark1258
brc,boru1252
snd,ceba1235
liv,livv1244
ptw,patw1250
cak,kaqc1270
nim,nucl1633
krj,kara1476
wlw,warl1256
aba,abau1245
bau,bauu1244
sen,nucl1396
bad,bade1248
chs,siyi1240
mlc,mala1533
rnn,renn1242
lav,lavu1241
mii,tama1331
tma,tama1331
hcr,hait1244
mce,beli1260
bou,taga1278
ace,achi1257
ifm,teke1274
akn,akan1250
kit,kits1249
wah,wahg1249
sto,ston1242
dak,dako1258
wem,west2443
hmo,huam1250
hmd,hmon1333
gel,gela1263
mll,mola1238
pap,papi1253
yyg,yayg1236
kro,kron1241
ceb,cebu1242
aro,aros1241
ctw,cata1286
gon,sout2711
ham,hamt1247
agh,aghe1239
pla,play1240
nnc,cent1990
nca,carn1240
nic,cent1990
kol,kola1242
ptp,patp1243
bry,baru1267
rit,rita1239
axv,akhv1239
vie,viet1252
kng,kain1272
una,unaa1239
mrl,murl1244
ond,onei1249
gul,gula1269
pte,pait1244
nbb,bign1238
yki,yuki1243
ann,anin1240
khm,cent1989
ker,kera1255
ytu,nort2745
yko,sout2750
nyh,nyih1240
hve,sanm1287
pod,park1239
mne,nort2952
thp,thay1248
was,wash1253
uma,umaa1242
kul,gamo1244
gam,gamo1243
wly,wola1242
pkt,poko1263
bnt,bant1286
itn,neap1235
itu,piem1238
ifi,ital1282
itb,emil1241
itg,ligu1248
ita,ital1282
maj,maja1242
akb,akab1249
tno,tond1251
kws,kawa1283
lak,lakk1252
btk,cent2083
amc,amah1246
uzn,nort2690
uzb,uzbe1247
ana,arao1248
ige,iged1239
yyo,yort1237
rti,term1237
tpc,tepe1278
cuc,timo1237
gto,guat1253
ket,kett1243
chd,chau1259
bgg,bang1368
yna,nauk1242
tbw,taab1238
yok,yoku1256
dah,daha1245
knd,nucl1305
mbm,mbum1254
crq,carr1249
gfr,guia1246
sey,sese1246
lcr,guad1242
mqc,guad1242
buu,buru1303
alc,alle1238
urd,urdu1245
nyk,tukp1239
yam,yami1256
mna,muna1247
bjs,sout2918
mns,mans1258
lux,luxe1241
cui,cuib1242
orm,ormu1247
apt,apat1240
ptt,patt1248
sle,samb1305
mca,maca1260
krk,karo1304
bmz,tumz1238
hem,hemb1242
tel,telu1262
sui,suii1243
mjk,mand1419
chj,chuj1249
fef,fefe1239
wrp,waro1242
abw,west2630
aho,arap1274
jng,kach1280
ldu,lend1245
nti,ngit1239
kan,khan1278
kll,kalu1248
ido,idom1241
uli,ulit1238
hba,hebr1245
heb,hebr1245
mlk,mull1237
rad,rade1240
dgo,dong1290
mae,maee1241
nse,nsen1242
leg,lega1249
klg,kulu1253
kmh,gama1251
qia,qian1264
mzh,huau1238
mzc,chiq1250
ixc,ixca1245
hau,haus1257
den,deni1241
wma,west2600
skp,selk1253
ykn,yaka1277
ksg,sgaw1245
prd,duru1236
ape,safe1240
bkn,orok1266
glc,gali1258
cor,elna1235
pkn,darl1243
mdg,mund1325
klq,kala1397
iat,iatm1242
srn,siri1273
thn,than1259
kwk,kwak1269
rej,reja1240
dbr,dutc1256
dli,dutc1256
duz,zeeu1238
dut,dutc1256
wwr,woiw1237
kba,kamb1297
cpa,ashe1273
cnl,cane1242
ckr,cane1242
abd,abid1235
adk,ando1256
aja,ajas1235
vot,voti1245
alx,bata1292
beb,bena1264
mum,nucl1240
wau,woun1238
men,meno1252
dre,dehu1237
mog,mogh1245
kuo,kuot1243
gad,gade1242
nam,nami1256
ese,esee1248
iql,east2534
ins,east2534
kpa,kpan1246
aik,aika1237
cml,caml1239
bro,torr1261
mgk,mung1266
nsn,nise1244
mnu,kimm1245
mie,iumi1238
saw,sabu1255
sou,uppe1395
xav,xava1240
dji,djin1251
nyu,nyul1247
nke,nkem1242
kls,kali1308
kbr,bara1370
tus,tusc1257
dum,vani1248
yav,hava1248
sap,sapu1248
khr,khar1287
rom,roma1327
ngj,ngad1258
yem,yemb1246
gdf,gudu1252
ssh,boro1277
cmk,chim1310
tny,west2466
klt,kela1258
wlf,nucl1347
gim,benc1235
hop,hopi1249
sia,sian1257
ses,sout2807
nom,noma1263
tty,tatu1247
ulc,ulch1241
kin,kiny1244
ara,araw1276
lrk,lari1255
mmn,mama1275
jiv,shua1257
mui,muin1242
laf,lafo1243
orh,east2652
orw,waat1238
orb,bora1271
owc,west2721
bod,bodo1269
aeg,egyp1253
arg,gulf1241
arq,meso1252
arl,nort3139
ako,cypr1248
ars,sana1295
abh,baha1259
apa,sout3123
arh,hija1235
arv,sout3123
asy,nort3139
abe,nort3139
anl,nort3139
blg,bala1310
ite,itel1242
gwo,tyap1238
tli,tlin1245
naf,nafa1258
uri,urim1252
ynm,yano1262
eka,ekar1243
sdw,sand1273
occ,occi1239
pro,occi1239
gho,ghot1243
luv,luva1239
mbb,mbab1239
dng,ding1239
bej,beja1238
aln,alun1238
bmn,bamu1253
bng,qaqe1238
mli,mali1284
iha,ihaa1241
wn,wikn1245
eno,engg1245
ygn,yagn1238
lew,lewo1242
mch,mach1267
mbg,mbug1240
gjj,guaj1255
foe,foii1241
bpa,bura1292
au,auuu1241
ala,alam1246
dnw,dang1274
amb,ambu1247
lad,lada1244
cai,suri1267
trm,suri1267
mni,moni1261
tbo,tbol1240
sak,saka1289
ydl,east2295
ydb,east2295
ylt,east2295
ydd,yidd1255
nas,naas1242
lud,lund1271
csh,cash1254
tac,taca1256
kuq,kumy1244
gbc,uppe1455
bri,brib1243
kao,kara1487
mus,muss1246
lum,stra1244
sch,stra1244
soo,stra1244
sgs,stra1244
sss,stra1244
sst,stra1244
pmc,cent2138
yao,yaoo1241
oto,iowa1245
crl,caro1242
pul,pulu1242
bim,bima1247
jav,java1254
bab,veng1238
udi,udii1243
umb,umbu1257
kgm,kago1247
ibn,iban1267
kty,khan1273
npu,napu1241
anu,anuf1239
col,chol1281
eve,even1259
bln,bili1260
acg,acha1250
kew,kewa1250
bug,bugi1244
tsa,tsak1249
kmi,kami1256
ito,iton1250
kda,kond1295
mtb,matu1259
mkz,maka1304
mik,karb1241
mey,meny1245
dol,dolg1241
brb,baat1238
arc,arch1244
bid,bidi1241
cmn,coma1245
sus,susu1250
ngm,ngam1268
txj,xico1235
tpa,papa1238
tot,yecu1235
tos,high1243
hzb,hunz1247
nug,nung1290
kth,gwic1235
ndj,djee1236
rap,rapa1244
tok,taro1263
wlo,woli1241
lmp,lamp1243
pae,paez1247
kkt,koko1269
bra,lave1249
kaa,karo1305
ami,amis1246
ked,keda1252
tut,nort2941
glp,dhan1270
zpr,zapa1253
tte,tute1247
dgr,daur1238
mei,mani1292
dat,dato1239
mge,east2333
meb,beta1252
qta,nort2980
lal,xish1235
mwc,mawc1242
msg,misi1242
baw,bawm1236
git,gitx1241
xia,minn1241
nyg,nyan1313
eko,koti1238
inu,nort2943
mma,nucl1706
tps,sout2976
mlg,wand1278
ojm,chip1241
wch,wich1264
bnq,beng1286
akm,marm1234
nsg,nisg1240
knc,kuku1280
ifu,bata1298
kkz,kukn1238
cti,tedi1235
ngo,ngon1269
yus,cent2128
amd,amdo1237
fuz,mind1253
yey,yeyi1239
pun,wadj1254
kko,kura1250
pny,pany1241
son,sons1242
klp,kala1400
nko,chig1238
rny,nyan1307
bfg,None
qca,caja1238
xer,xere1240
uld,wuzl1236
brz,birr1240
daw,daww1239
skr,sika1263
mwa,mart1256
tex,khor1269
twx,khor1269
ndb,sout2808
din,nort2815
jar,jara1263
llm,lele1264
mhu,mbal1255
puq,puqu1242
tke,toke1240
hdi,hdii1240
krd,cent1972
bgi,bagr1243
plp,ngaj1237
wgu,waru1264
mmo,moks1248
yuk,gang1267
ynk,yank1247
kuu,kuuk1238
ago,ango1258
ylb,mart1256
kjo,coas1295
kgl,umbu1258
jel,jeri1242
mka,maho1249
tal,tali1258
kto,kato1244
ksi,puoc1238
ivs,ivat1242
bdm,badi1246
mdm,west2443
tws,sout2961
taq,minn1241
uhi,atam1239
ayn,ainu1251
kmw,kamu1258
cos,sout2986
bgn,bugu1246
lge,nort2627
jva,kara1500
ati,atik1240
qan,chiq1249
kgt,west2618
mrs,nucl1594
fli,west2454
pin,pint1250
lkt,lako1247
jin,jino1236
zar,zarm1239
yug,yugh1239
syg,west2402
lno,ladi1251
gdl,guad1242
grf,gari1256
spi,tibe1272
npi,nige1257
mcr,mori1278
les,lese1243
lse,span1263
mxs,sila1250
gan,apuc1241
bbl,dibo1245
abu,abun1252
bai,cent2004
kop,komi1269
dom,doma1258
sla,slav1253
asl,amer1248
kfc,None
djm,djam1256
htt,mini1256
lje,lauj1238
kkv,lusi1240
mxg,sanm1295
nih,japa1238
arp,buki1249
brd,bard1255
tnb,ango1257
hmu,nupo1240
qco,sout2991
ygr,yaga1260
asm,tamn1235
par,pari1256
brl,lowa1242
jur,jurc1239
vla,vlaa1235
bkl,cent2087
sly,sela1260
did,didi1258
tay,tayo1238
kac,kach1279
ams,stan1318
skl,siku1242
mkh,None
ngi,wang1291
yi,sich1238
kiw,sout2949
she,sher1255
pum,pumi1242
ots,east2556
lng,leng1262
ten,tenn1246
nuk,nuka1242
cat,embe1260
syu,salt1242
gor,goro1270
cck,chic1270
mrc,rong1264
ipi,indi1237
mur,murs1242
fue,east2447
pit,pitj1243
krh,krah1246
bxj,bayu1240
dhl,dhal1245
ggd,guga1239
vka,kari1304
kyt,kayt1238
lnj,leni1238
mrj,ngad1258
nlr,ngar1286
nly,nyam1271
ump,umpi1239
wkw,waka1274
wbt,wanm1242
wru,waru1265
ylr,yala1262
agb,legb1242
wec,wels1247
huc,huaa1248
tia,tima1241
wna,wann1242
ddj,godi1239
ney,neyo1238
jms,jams1239
nrg,nane1238
wwa,waam1244
ncm,ntch1242
xsm,kase1253
mmi,mamb1294
myg,mayo1261
mnz,monz1249
ajg,ajab1235
guw,gunn1250
avk,avik1243
mkq,ngem1255
mdw,mbos1242
bdu,budu1250
vif,vili1238
kwy,sans1272
sku,suku1259
zag,zagh1240
mgq,mang1398
tsk,tama1365
hna,mina1276
sid,sida1246
arj,gulf1241
ryu,cent2126
bkb,bett1235
rji,raji1240
ksn,suoy1242
nmm,mana1288
tbx,seke1240
tdi,tibe1272
tdr,tibe1272
amt,amdo1237
shg,tibe1272
rpa,tibe1272
xns,kana1283
wme,wamb1257
ybi,yamp1242
gyc,jiar1239
rgc,jiar1239
tvt,tuts1235
ral,ralt1242
mhl,misi1242
lic,hlai1239
khn,khun1259
smp,shom1245
agd,dupa1235
bgz,bong1289
ttd,tetu1245
lab,labu1248
vnm,vinm1237
psw,port1285
lmu,lame1260
erk,sout2856
ndr,fiji1243
mxe,mele1250
mpt,mian1256
mkj,maka1316
abv,abui1241
adg,adan1251
bdw,baha1258
dlm,dera1245
brp,wara1302
fqs,fass1245
kwt,nucl1593
bio,naii1241
amm,amap1240
owi,owin1240
urt,urat1244
xbi,komb1272
aoj,mufi1238
kmz,kama1367
inn,yand1253
msq,halk1245
tee,hueh1236
mxx,None
qum,sipa1247
lec,leco1242
eme,emer1243
kyz,kaya1329
kno,kano1245
cpy,chip1262
kkq,kuik1246
pnx,pana1307
kqq,kren1239
tsl,tanz1238
kbi,inpu1234
nub,nubi1253
alg,algo1255
ega,egaa1242
kkl,beng1239
lii,ital1275
kwm,kwaa1269
lgp,port1277
iga,inga1252
npn,naga1394
qbo,boli1262
ics,icel1236
ths,thai1240
kuz,mati1250
bel,belh1239
goj,guja1253
slg,sulu1241
klr,shah1254
ada,adam1238
emm,amii1238
mbr,mbar1260
fsl,finn1310
lsf,fren1243
ssl,kore1273
blj,kaci1244
kdz,coas1294
mtg,mont1268
lsa,arge1236
kym,nort2690
nsk,nask1242
laa,laal1242
usl,urub1243
kbt,kaba1276
pgl,ping1243
srb,sorb1249
tgn,tugu1245
krw,koro1312
ise,isek1239
aus,aust1271
nlu,ngar1287
nph,narp1239
plg,nucl1291
lsq,queb1245
urm,urum1249
imo,imon1245
lsb,braz1236
sem,sumi1235
bok,boko1266
irs,iris1235
bfi,bafi1243
ktb,kitu1246
psl,plai1235
myo,mayo1264
kic,kick1244
bsl,brit1235
kag,kome1238
mts,mati1255
smd,sema1269
gsl,gree1271
let,leti1246
rsl,russ1255
kum,kuma1273
alt,swis1247
jum,juma1249
com,maor1244
mek,saki1248
ipk,paki1242
csl,chin1283
sps,sout2965
tui,turk1288
ugs,ugan1238
nzs,newz1236
inr,west2618
lam,peve1243
ojs,seve1240
nbh,ghul1238
nus,nusu1239
tzi,taiw1241
dar,dara1250
qcu,cusc1236
keo,keoo1238
aka,yaka1272
mol,roma1327
ngw,ngaw1240
wmn,weme1239
chn,chan1310
vas,vasa1239
spo,spok1245
smn,cree1270
svt,swed1236
gug,koka1244
pri,prin1242
buk,buku1249
ani,anii1246
atb,aral1243
ned,dutc1253
hlb,halb1244
hua,yaga1260
nte,norw1255
gny,guny1241
mms,mama1276
iss,isra1236
shd,sher1257
kkr,kiri1256
ksl,keny1241
dge,germ1281
mcf,mich1243
mnj,mart1256
hli,halk1245
bly,nija1241
guf,gupa1247
wgg,wang1290
bgm,bang1363
kgy,kyer1238
knz,kham1282
khd,kham1282
bwc,west2560
mqf,momu1241
csk,jola1262
nbm,ngba1284
cea,swam1239
bnu,bula1255
wom,womo1238
hks,hong1241
isl,inte1259
mkw,maku1246
ktt,kott1239
myy,mayk1239
cco,tutu1242
bah,xiri1243
kua,None
aab,None
jua,None
joh,None
tms,None
keu,None
rcp,None
lgh,None
